2025-07-11T19:00:30.712-06:00  INFO 87157 --- [Bootstrap Spring Cloud] [main] .t.EmployeeRestControllerIntegrationTest : Starting EmployeeRestControllerIntegrationTest using Java 17.0.15 with PID 87157 (started by josesaidolanogarcia in /Users/josesaidolanogarcia/REPOSITORIOS/Cometa/Lesson11/spring-boot-simple-lesson11)
2025-07-11T19:00:30.714-06:00  INFO 87157 --- [Bootstrap Spring Cloud] [main] .t.EmployeeRestControllerIntegrationTest : No active profile set, falling back to 1 default profile: "default"
2025-07-11T19:00:31.143-06:00  INFO 87157 --- [Bootstrap Spring Cloud] [main] .s.d.r.c.RepositoryConfigurationDelegate : Bootstrapping Spring Data JPA repositories in DEFAULT mode.
2025-07-11T19:00:31.192-06:00  INFO 87157 --- [Bootstrap Spring Cloud] [main] .s.d.r.c.RepositoryConfigurationDelegate : Finished Spring Data repository scanning in 46 ms. Found 1 JPA repository interface.
2025-07-11T19:00:31.411-06:00  INFO 87157 --- [Bootstrap Spring Cloud] [main] o.hibernate.jpa.internal.util.LogHelper  : HHH000204: Processing PersistenceUnitInfo [name: default]
2025-07-11T19:00:31.433-06:00  INFO 87157 --- [Bootstrap Spring Cloud] [main] org.hibernate.Version                    : HHH000412: Hibernate ORM core version 6.6.8.Final
2025-07-11T19:00:31.446-06:00  INFO 87157 --- [Bootstrap Spring Cloud] [main] o.h.c.internal.RegionFactoryInitiator    : HHH000026: Second-level cache disabled
2025-07-11T19:00:31.526-06:00  INFO 87157 --- [Bootstrap Spring Cloud] [main] o.s.o.j.p.SpringPersistenceUnitInfo      : No LoadTimeWeaver setup: ignoring JPA class transformer
2025-07-11T19:00:31.535-06:00  INFO 87157 --- [Bootstrap Spring Cloud] [main] com.zaxxer.hikari.HikariDataSource       : HikariPool-1 - Starting...
2025-07-11T19:00:31.591-06:00  INFO 87157 --- [Bootstrap Spring Cloud] [main] com.zaxxer.hikari.pool.HikariPool        : HikariPool-1 - Added connection conn0: url=jdbc:h2:mem:test user=SA
2025-07-11T19:00:31.592-06:00  INFO 87157 --- [Bootstrap Spring Cloud] [main] com.zaxxer.hikari.HikariDataSource       : HikariPool-1 - Start completed.
2025-07-11T19:00:31.599-06:00  WARN 87157 --- [Bootstrap Spring Cloud] [main] org.hibernate.orm.deprecation            : HHH90000025: H2Dialect does not need to be specified explicitly using 'hibernate.dialect' (remove the property setting and it will be selected by default)
2025-07-11T19:00:31.607-06:00  INFO 87157 --- [Bootstrap Spring Cloud] [main] org.hibernate.orm.connections.pooling    : HHH10001005: Database info:
	Database JDBC URL [Connecting through datasource 'HikariDataSource (HikariPool-1)']
	Database driver: undefined/unknown
	Database version: 2.3.232
	Autocommit mode: undefined/unknown
	Isolation level: undefined/unknown
	Minimum pool size: undefined/unknown
	Maximum pool size: undefined/unknown
2025-07-11T19:00:31.856-06:00  INFO 87157 --- [Bootstrap Spring Cloud] [main] o.h.e.t.j.p.i.JtaPlatformInitiator       : HHH000489: No JTA platform available (set 'hibernate.transaction.jta.platform' to enable JTA platform integration)
2025-07-11T19:00:31.866-06:00  INFO 87157 --- [Bootstrap Spring Cloud] [main] j.LocalContainerEntityManagerFactoryBean : Initialized JPA EntityManagerFactory for persistence unit 'default'
2025-07-11T19:00:32.009-06:00  WARN 87157 --- [Bootstrap Spring Cloud] [main] JpaBaseConfiguration$JpaWebConfiguration : spring.jpa.open-in-view is enabled by default. Therefore, database queries may be performed during view rendering. Explicitly configure spring.jpa.open-in-view to disable this warning
2025-07-11T19:00:32.039-06:00  INFO 87157 --- [Bootstrap Spring Cloud] [main] r$InitializeUserDetailsManagerConfigurer : Global AuthenticationManager configured with UserDetailsService bean with name inMemoryUserDetailsManager
2025-07-11T19:00:32.440-06:00  INFO 87157 --- [Bootstrap Spring Cloud] [main] o.s.b.a.e.web.EndpointLinksResolver      : Exposing 15 endpoints beneath base path '/actuator'
2025-07-11T19:00:32.471-06:00  INFO 87157 --- [Bootstrap Spring Cloud] [main] o.s.b.t.m.w.SpringBootMockServletContext : Initializing Spring TestDispatcherServlet ''
2025-07-11T19:00:32.471-06:00  INFO 87157 --- [Bootstrap Spring Cloud] [main] o.s.t.web.servlet.TestDispatcherServlet  : Initializing Servlet ''
2025-07-11T19:00:32.472-06:00  INFO 87157 --- [Bootstrap Spring Cloud] [main] o.s.t.web.servlet.TestDispatcherServlet  : Completed initialization in 1 ms
2025-07-11T19:00:32.546-06:00  INFO 87157 --- [Bootstrap Spring Cloud] [main] .t.EmployeeRestControllerIntegrationTest : Started EmployeeRestControllerIntegrationTest in 1.946 seconds (process running for 2.37)
2025-07-11T19:00:32.974-06:00  INFO 87157 --- [Bootstrap Spring Cloud] [main] t.c.s.AnnotationConfigContextLoaderUtils : Could not detect default configuration classes for test class [com.baeldung.boot.testing.EmployeeRepositoryIntegrationTest]: EmployeeRepositoryIntegrationTest does not declare any static, non-private, non-final, nested classes annotated with @Configuration.
2025-07-11T19:00:32.981-06:00  INFO 87157 --- [Bootstrap Spring Cloud] [main] .b.t.c.SpringBootTestContextBootstrapper : Found @SpringBootConfiguration com.baeldung.boot.testing.Application for test class com.baeldung.boot.testing.EmployeeRepositoryIntegrationTest
2025-07-11T19:00:32.990-06:00  INFO 87157 --- [Bootstrap Spring Cloud] [main] .b.b.t.EmployeeRepositoryIntegrationTest : Starting EmployeeRepositoryIntegrationTest using Java 17.0.15 with PID 87157 (started by josesaidolanogarcia in /Users/josesaidolanogarcia/REPOSITORIOS/Cometa/Lesson11/spring-boot-simple-lesson11)
2025-07-11T19:00:32.991-06:00  INFO 87157 --- [Bootstrap Spring Cloud] [main] .b.b.t.EmployeeRepositoryIntegrationTest : No active profile set, falling back to 1 default profile: "default"
2025-07-11T19:00:33.018-06:00  INFO 87157 --- [Bootstrap Spring Cloud] [main] .s.d.r.c.RepositoryConfigurationDelegate : Bootstrapping Spring Data JPA repositories in DEFAULT mode.
2025-07-11T19:00:33.020-06:00  INFO 87157 --- [Bootstrap Spring Cloud] [main] .s.d.r.c.RepositoryConfigurationDelegate : Finished Spring Data repository scanning in 2 ms. Found 1 JPA repository interface.
2025-07-11T19:00:33.025-06:00  INFO 87157 --- [Bootstrap Spring Cloud] [main] beddedDataSourceBeanFactoryPostProcessor : Replacing 'dataSource' DataSource bean with embedded version
2025-07-11T19:00:33.031-06:00  INFO 87157 --- [Bootstrap Spring Cloud] [main] o.s.j.d.e.EmbeddedDatabaseFactory        : Starting embedded database: url='jdbc:h2:mem:524426eb-ceb1-4044-a09b-34aa1819c909;DB_CLOSE_DELAY=-1;DB_CLOSE_ON_EXIT=false', username='sa'
2025-07-11T19:00:33.038-06:00  INFO 87157 --- [Bootstrap Spring Cloud] [main] o.hibernate.jpa.internal.util.LogHelper  : HHH000204: Processing PersistenceUnitInfo [name: default]
2025-07-11T19:00:33.039-06:00  INFO 87157 --- [Bootstrap Spring Cloud] [main] o.h.c.internal.RegionFactoryInitiator    : HHH000026: Second-level cache disabled
2025-07-11T19:00:33.043-06:00  INFO 87157 --- [Bootstrap Spring Cloud] [main] o.s.o.j.p.SpringPersistenceUnitInfo      : No LoadTimeWeaver setup: ignoring JPA class transformer
2025-07-11T19:00:33.052-06:00  INFO 87157 --- [Bootstrap Spring Cloud] [main] org.hibernate.orm.connections.pooling    : HHH10001005: Database info:
	Database JDBC URL [Connecting through datasource 'org.springframework.jdbc.datasource.embedded.EmbeddedDatabaseFactory$EmbeddedDataSourceProxy@466644c3']
	Database driver: undefined/unknown
	Database version: 2.3.232
	Autocommit mode: undefined/unknown
	Isolation level: undefined/unknown
	Minimum pool size: undefined/unknown
	Maximum pool size: undefined/unknown
2025-07-11T19:00:33.067-06:00  INFO 87157 --- [Bootstrap Spring Cloud] [main] o.h.e.t.j.p.i.JtaPlatformInitiator       : HHH000489: No JTA platform available (set 'hibernate.transaction.jta.platform' to enable JTA platform integration)
2025-07-11T19:00:33.068-06:00  INFO 87157 --- [Bootstrap Spring Cloud] [main] j.LocalContainerEntityManagerFactoryBean : Initialized JPA EntityManagerFactory for persistence unit 'default'
2025-07-11T19:00:33.082-06:00  INFO 87157 --- [Bootstrap Spring Cloud] [main] .b.b.t.EmployeeRepositoryIntegrationTest : Started EmployeeRepositoryIntegrationTest in 0.1 seconds (process running for 2.906)
2025-07-11T19:00:33.112-06:00  INFO 87157 --- [Bootstrap Spring Cloud] [main] t.c.s.AnnotationConfigContextLoaderUtils : Could not detect default configuration classes for test class [com.baeldung.boot.testing.EmployeeControllerIntegrationTest]: EmployeeControllerIntegrationTest does not declare any static, non-private, non-final, nested classes annotated with @Configuration.
2025-07-11T19:00:33.115-06:00  INFO 87157 --- [Bootstrap Spring Cloud] [main] .b.t.c.SpringBootTestContextBootstrapper : Found @SpringBootConfiguration com.baeldung.boot.testing.Application for test class com.baeldung.boot.testing.EmployeeControllerIntegrationTest
2025-07-11T19:00:33.122-06:00  INFO 87157 --- [Bootstrap Spring Cloud] [main] .b.b.t.EmployeeControllerIntegrationTest : Starting EmployeeControllerIntegrationTest using Java 17.0.15 with PID 87157 (started by josesaidolanogarcia in /Users/josesaidolanogarcia/REPOSITORIOS/Cometa/Lesson11/spring-boot-simple-lesson11)
2025-07-11T19:00:33.122-06:00  INFO 87157 --- [Bootstrap Spring Cloud] [main] .b.b.t.EmployeeControllerIntegrationTest : No active profile set, falling back to 1 default profile: "default"
2025-07-11T19:00:33.291-06:00  INFO 87157 --- [Bootstrap Spring Cloud] [main] o.s.b.t.m.w.SpringBootMockServletContext : Initializing Spring TestDispatcherServlet ''
2025-07-11T19:00:33.291-06:00  INFO 87157 --- [Bootstrap Spring Cloud] [main] o.s.t.web.servlet.TestDispatcherServlet  : Initializing Servlet ''
2025-07-11T19:00:33.292-06:00  INFO 87157 --- [Bootstrap Spring Cloud] [main] o.s.t.web.servlet.TestDispatcherServlet  : Completed initialization in 1 ms
2025-07-11T19:00:33.303-06:00  INFO 87157 --- [Bootstrap Spring Cloud] [main] .b.b.t.EmployeeControllerIntegrationTest : Started EmployeeControllerIntegrationTest in 0.187 seconds (process running for 3.128)
2025-07-11T19:00:33.460-06:00  INFO 87157 --- [Bootstrap Spring Cloud] [main] c.baeldung.bootstrap.SpringContextTest   : Starting SpringContextTest using Java 17.0.15 with PID 87157 (started by josesaidolanogarcia in /Users/josesaidolanogarcia/REPOSITORIOS/Cometa/Lesson11/spring-boot-simple-lesson11)
2025-07-11T19:00:33.460-06:00  INFO 87157 --- [Bootstrap Spring Cloud] [main] c.baeldung.bootstrap.SpringContextTest   : No active profile set, falling back to 1 default profile: "default"
2025-07-11T19:00:33.575-06:00  INFO 87157 --- [Bootstrap Spring Cloud] [main] .s.d.r.c.RepositoryConfigurationDelegate : Bootstrapping Spring Data JPA repositories in DEFAULT mode.
2025-07-11T19:00:33.579-06:00  INFO 87157 --- [Bootstrap Spring Cloud] [main] .s.d.r.c.RepositoryConfigurationDelegate : Finished Spring Data repository scanning in 2 ms. Found 1 JPA repository interface.
2025-07-11T19:00:33.749-06:00  INFO 87157 --- [Bootstrap Spring Cloud] [main] o.hibernate.jpa.internal.util.LogHelper  : HHH000204: Processing PersistenceUnitInfo [name: default]
2025-07-11T19:00:33.751-06:00  INFO 87157 --- [Bootstrap Spring Cloud] [main] o.h.c.internal.RegionFactoryInitiator    : HHH000026: Second-level cache disabled
2025-07-11T19:00:33.757-06:00  INFO 87157 --- [Bootstrap Spring Cloud] [main] o.s.o.j.p.SpringPersistenceUnitInfo      : No LoadTimeWeaver setup: ignoring JPA class transformer
2025-07-11T19:00:33.758-06:00  INFO 87157 --- [Bootstrap Spring Cloud] [main] com.zaxxer.hikari.HikariDataSource       : HikariPool-2 - Starting...
2025-07-11T19:00:33.759-06:00  INFO 87157 --- [Bootstrap Spring Cloud] [main] com.zaxxer.hikari.pool.HikariPool        : HikariPool-2 - Added connection conn20: url=jdbc:h2:mem:ce4a6080-e810-40ea-b263-741e0a685f4c user=SA
2025-07-11T19:00:33.760-06:00  INFO 87157 --- [Bootstrap Spring Cloud] [main] com.zaxxer.hikari.HikariDataSource       : HikariPool-2 - Start completed.
2025-07-11T19:00:33.761-06:00  INFO 87157 --- [Bootstrap Spring Cloud] [main] org.hibernate.orm.connections.pooling    : HHH10001005: Database info:
	Database JDBC URL [Connecting through datasource 'HikariDataSource (HikariPool-2)']
	Database driver: undefined/unknown
	Database version: 2.3.232
	Autocommit mode: undefined/unknown
	Isolation level: undefined/unknown
	Minimum pool size: undefined/unknown
	Maximum pool size: undefined/unknown
2025-07-11T19:00:33.786-06:00  INFO 87157 --- [Bootstrap Spring Cloud] [main] o.h.e.t.j.p.i.JtaPlatformInitiator       : HHH000489: No JTA platform available (set 'hibernate.transaction.jta.platform' to enable JTA platform integration)
2025-07-11T19:00:33.789-06:00  INFO 87157 --- [Bootstrap Spring Cloud] [main] j.LocalContainerEntityManagerFactoryBean : Initialized JPA EntityManagerFactory for persistence unit 'default'
2025-07-11T19:00:33.851-06:00  WARN 87157 --- [Bootstrap Spring Cloud] [main] JpaBaseConfiguration$JpaWebConfiguration : spring.jpa.open-in-view is enabled by default. Therefore, database queries may be performed during view rendering. Explicitly configure spring.jpa.open-in-view to disable this warning
2025-07-11T19:00:33.872-06:00  INFO 87157 --- [Bootstrap Spring Cloud] [main] r$InitializeUserDetailsManagerConfigurer : Global AuthenticationManager configured with UserDetailsService bean with name inMemoryUserDetailsManager
2025-07-11T19:00:34.178-06:00  INFO 87157 --- [Bootstrap Spring Cloud] [main] o.s.b.a.e.web.EndpointLinksResolver      : Exposing 15 endpoints beneath base path '/actuator'
2025-07-11T19:00:34.220-06:00  INFO 87157 --- [Bootstrap Spring Cloud] [main] c.baeldung.bootstrap.SpringContextTest   : Started SpringContextTest in 0.777 seconds (process running for 4.044)
2025-07-11T19:00:34.714-06:00  INFO 87157 --- [Bootstrap Spring Cloud] [main] .b.c.PropertiesConversionIntegrationTest : Starting PropertiesConversionIntegrationTest using Java 17.0.15 with PID 87157 (started by josesaidolanogarcia in /Users/josesaidolanogarcia/REPOSITORIOS/Cometa/Lesson11/spring-boot-simple-lesson11)
2025-07-11T19:00:34.714-06:00  INFO 87157 --- [Bootstrap Spring Cloud] [main] .b.c.PropertiesConversionIntegrationTest : No active profile set, falling back to 1 default profile: "default"
2025-07-11T19:00:34.862-06:00  INFO 87157 --- [Bootstrap Spring Cloud] [main] .s.d.r.c.RepositoryConfigurationDelegate : Bootstrapping Spring Data JPA repositories in DEFAULT mode.
2025-07-11T19:00:34.864-06:00  INFO 87157 --- [Bootstrap Spring Cloud] [main] .s.d.r.c.RepositoryConfigurationDelegate : Finished Spring Data repository scanning in 1 ms. Found 0 JPA repository interfaces.
2025-07-11T19:00:34.941-06:00  INFO 87157 --- [Bootstrap Spring Cloud] [main] o.hibernate.jpa.internal.util.LogHelper  : HHH000204: Processing PersistenceUnitInfo [name: default]
2025-07-11T19:00:34.943-06:00  INFO 87157 --- [Bootstrap Spring Cloud] [main] o.h.c.internal.RegionFactoryInitiator    : HHH000026: Second-level cache disabled
2025-07-11T19:00:34.946-06:00  INFO 87157 --- [Bootstrap Spring Cloud] [main] o.s.o.j.p.SpringPersistenceUnitInfo      : No LoadTimeWeaver setup: ignoring JPA class transformer
2025-07-11T19:00:34.947-06:00  INFO 87157 --- [Bootstrap Spring Cloud] [main] com.zaxxer.hikari.HikariDataSource       : HikariPool-3 - Starting...
2025-07-11T19:00:34.948-06:00  INFO 87157 --- [Bootstrap Spring Cloud] [main] com.zaxxer.hikari.pool.HikariPool        : HikariPool-3 - Added connection conn30: url=jdbc:h2:mem:e0d29d35-63a3-4ffa-92ee-479cebb865be user=SA
2025-07-11T19:00:34.948-06:00  INFO 87157 --- [Bootstrap Spring Cloud] [main] com.zaxxer.hikari.HikariDataSource       : HikariPool-3 - Start completed.
2025-07-11T19:00:34.949-06:00  INFO 87157 --- [Bootstrap Spring Cloud] [main] org.hibernate.orm.connections.pooling    : HHH10001005: Database info:
	Database JDBC URL [Connecting through datasource 'HikariDataSource (HikariPool-3)']
	Database driver: undefined/unknown
	Database version: 2.3.232
	Autocommit mode: undefined/unknown
	Isolation level: undefined/unknown
	Minimum pool size: undefined/unknown
	Maximum pool size: undefined/unknown
2025-07-11T19:00:34.956-06:00  INFO 87157 --- [Bootstrap Spring Cloud] [main] o.h.e.t.j.p.i.JtaPlatformInitiator       : HHH000489: No JTA platform available (set 'hibernate.transaction.jta.platform' to enable JTA platform integration)
2025-07-11T19:00:34.957-06:00  INFO 87157 --- [Bootstrap Spring Cloud] [main] j.LocalContainerEntityManagerFactoryBean : Initialized JPA EntityManagerFactory for persistence unit 'default'
2025-07-11T19:00:35.045-06:00  WARN 87157 --- [Bootstrap Spring Cloud] [main] JpaBaseConfiguration$JpaWebConfiguration : spring.jpa.open-in-view is enabled by default. Therefore, database queries may be performed during view rendering. Explicitly configure spring.jpa.open-in-view to disable this warning
2025-07-11T19:00:35.208-06:00  INFO 87157 --- [Bootstrap Spring Cloud] [main] r$InitializeUserDetailsManagerConfigurer : Global AuthenticationManager configured with UserDetailsService bean with name inMemoryUserDetailsManager
2025-07-11T19:00:35.228-06:00  INFO 87157 --- [Bootstrap Spring Cloud] [main] o.s.b.a.e.web.EndpointLinksResolver      : Exposing 15 endpoints beneath base path '/actuator'
2025-07-11T19:00:35.283-06:00  INFO 87157 --- [Bootstrap Spring Cloud] [main] .b.c.PropertiesConversionIntegrationTest : Started PropertiesConversionIntegrationTest in 0.58 seconds (process running for 5.107)
2025-07-11T19:00:35.306-06:00  INFO 87157 --- [Bootstrap Spring Cloud] [main] c.b.s.SpringBootJPAIntegrationTest       : Starting SpringBootJPAIntegrationTest using Java 17.0.15 with PID 87157 (started by josesaidolanogarcia in /Users/josesaidolanogarcia/REPOSITORIOS/Cometa/Lesson11/spring-boot-simple-lesson11)
2025-07-11T19:00:35.306-06:00  INFO 87157 --- [Bootstrap Spring Cloud] [main] c.b.s.SpringBootJPAIntegrationTest       : No active profile set, falling back to 1 default profile: "default"
2025-07-11T19:00:35.399-06:00  INFO 87157 --- [Bootstrap Spring Cloud] [main] .s.d.r.c.RepositoryConfigurationDelegate : Bootstrapping Spring Data JPA repositories in DEFAULT mode.
2025-07-11T19:00:35.403-06:00  INFO 87157 --- [Bootstrap Spring Cloud] [main] .s.d.r.c.RepositoryConfigurationDelegate : Finished Spring Data repository scanning in 2 ms. Found 1 JPA repository interface.
2025-07-11T19:00:35.446-06:00  INFO 87157 --- [Bootstrap Spring Cloud] [main] o.hibernate.jpa.internal.util.LogHelper  : HHH000204: Processing PersistenceUnitInfo [name: default]
2025-07-11T19:00:35.447-06:00  INFO 87157 --- [Bootstrap Spring Cloud] [main] o.h.c.internal.RegionFactoryInitiator    : HHH000026: Second-level cache disabled
2025-07-11T19:00:35.450-06:00  INFO 87157 --- [Bootstrap Spring Cloud] [main] o.s.o.j.p.SpringPersistenceUnitInfo      : No LoadTimeWeaver setup: ignoring JPA class transformer
2025-07-11T19:00:35.450-06:00  INFO 87157 --- [Bootstrap Spring Cloud] [main] com.zaxxer.hikari.HikariDataSource       : HikariPool-4 - Starting...
2025-07-11T19:00:35.451-06:00  INFO 87157 --- [Bootstrap Spring Cloud] [main] com.zaxxer.hikari.pool.HikariPool        : HikariPool-4 - Added connection conn40: url=jdbc:h2:mem:662803d8-83ab-47c2-b221-f1dd7be27f2b user=SA
2025-07-11T19:00:35.451-06:00  INFO 87157 --- [Bootstrap Spring Cloud] [main] com.zaxxer.hikari.HikariDataSource       : HikariPool-4 - Start completed.
2025-07-11T19:00:35.452-06:00  INFO 87157 --- [Bootstrap Spring Cloud] [main] org.hibernate.orm.connections.pooling    : HHH10001005: Database info:
	Database JDBC URL [Connecting through datasource 'HikariDataSource (HikariPool-4)']
	Database driver: undefined/unknown
	Database version: 2.3.232
	Autocommit mode: undefined/unknown
	Isolation level: undefined/unknown
	Minimum pool size: undefined/unknown
	Maximum pool size: undefined/unknown
2025-07-11T19:00:35.464-06:00  INFO 87157 --- [Bootstrap Spring Cloud] [main] o.h.e.t.j.p.i.JtaPlatformInitiator       : HHH000489: No JTA platform available (set 'hibernate.transaction.jta.platform' to enable JTA platform integration)
2025-07-11T19:00:35.465-06:00  INFO 87157 --- [Bootstrap Spring Cloud] [main] j.LocalContainerEntityManagerFactoryBean : Initialized JPA EntityManagerFactory for persistence unit 'default'
2025-07-11T19:00:35.518-06:00  WARN 87157 --- [Bootstrap Spring Cloud] [main] JpaBaseConfiguration$JpaWebConfiguration : spring.jpa.open-in-view is enabled by default. Therefore, database queries may be performed during view rendering. Explicitly configure spring.jpa.open-in-view to disable this warning
2025-07-11T19:00:35.675-06:00  INFO 87157 --- [Bootstrap Spring Cloud] [main] r$InitializeUserDetailsManagerConfigurer : Global AuthenticationManager configured with UserDetailsService bean with name inMemoryUserDetailsManager
2025-07-11T19:00:35.692-06:00  INFO 87157 --- [Bootstrap Spring Cloud] [main] o.s.b.a.e.web.EndpointLinksResolver      : Exposing 15 endpoints beneath base path '/actuator'
2025-07-11T19:00:35.755-06:00  INFO 87157 --- [Bootstrap Spring Cloud] [main] c.b.s.SpringBootJPAIntegrationTest       : Started SpringBootJPAIntegrationTest in 0.458 seconds (process running for 5.579)
2025-07-11T19:00:35.774-06:00  INFO 87157 --- [Bootstrap Spring Cloud] [main] b.s.SpringBootApplicationIntegrationTest : Starting SpringBootApplicationIntegrationTest using Java 17.0.15 with PID 87157 (started by josesaidolanogarcia in /Users/josesaidolanogarcia/REPOSITORIOS/Cometa/Lesson11/spring-boot-simple-lesson11)
2025-07-11T19:00:35.775-06:00  INFO 87157 --- [Bootstrap Spring Cloud] [main] b.s.SpringBootApplicationIntegrationTest : No active profile set, falling back to 1 default profile: "default"
2025-07-11T19:00:35.851-06:00  INFO 87157 --- [Bootstrap Spring Cloud] [main] .s.d.r.c.RepositoryConfigurationDelegate : Bootstrapping Spring Data JPA repositories in DEFAULT mode.
2025-07-11T19:00:35.853-06:00  INFO 87157 --- [Bootstrap Spring Cloud] [main] .s.d.r.c.RepositoryConfigurationDelegate : Finished Spring Data repository scanning in 1 ms. Found 1 JPA repository interface.
2025-07-11T19:00:35.891-06:00  INFO 87157 --- [Bootstrap Spring Cloud] [main] o.hibernate.jpa.internal.util.LogHelper  : HHH000204: Processing PersistenceUnitInfo [name: default]
2025-07-11T19:00:35.892-06:00  INFO 87157 --- [Bootstrap Spring Cloud] [main] o.h.c.internal.RegionFactoryInitiator    : HHH000026: Second-level cache disabled
2025-07-11T19:00:35.895-06:00  INFO 87157 --- [Bootstrap Spring Cloud] [main] o.s.o.j.p.SpringPersistenceUnitInfo      : No LoadTimeWeaver setup: ignoring JPA class transformer
2025-07-11T19:00:35.895-06:00  INFO 87157 --- [Bootstrap Spring Cloud] [main] com.zaxxer.hikari.HikariDataSource       : HikariPool-5 - Starting...
2025-07-11T19:00:35.899-06:00  INFO 87157 --- [Bootstrap Spring Cloud] [main] com.zaxxer.hikari.pool.HikariPool        : HikariPool-5 - Added connection conn50: url=jdbc:h2:mem:245701b0-2647-4207-bb52-63e6d23e5a96 user=SA
2025-07-11T19:00:35.899-06:00  INFO 87157 --- [Bootstrap Spring Cloud] [main] com.zaxxer.hikari.HikariDataSource       : HikariPool-5 - Start completed.
2025-07-11T19:00:35.899-06:00  INFO 87157 --- [Bootstrap Spring Cloud] [main] org.hibernate.orm.connections.pooling    : HHH10001005: Database info:
	Database JDBC URL [Connecting through datasource 'HikariDataSource (HikariPool-5)']
	Database driver: undefined/unknown
	Database version: 2.3.232
	Autocommit mode: undefined/unknown
	Isolation level: undefined/unknown
	Minimum pool size: undefined/unknown
	Maximum pool size: undefined/unknown
2025-07-11T19:00:35.911-06:00  INFO 87157 --- [Bootstrap Spring Cloud] [main] o.h.e.t.j.p.i.JtaPlatformInitiator       : HHH000489: No JTA platform available (set 'hibernate.transaction.jta.platform' to enable JTA platform integration)
2025-07-11T19:00:35.912-06:00  INFO 87157 --- [Bootstrap Spring Cloud] [main] j.LocalContainerEntityManagerFactoryBean : Initialized JPA EntityManagerFactory for persistence unit 'default'
2025-07-11T19:00:35.957-06:00  WARN 87157 --- [Bootstrap Spring Cloud] [main] JpaBaseConfiguration$JpaWebConfiguration : spring.jpa.open-in-view is enabled by default. Therefore, database queries may be performed during view rendering. Explicitly configure spring.jpa.open-in-view to disable this warning
2025-07-11T19:00:36.099-06:00  INFO 87157 --- [Bootstrap Spring Cloud] [main] r$InitializeUserDetailsManagerConfigurer : Global AuthenticationManager configured with UserDetailsService bean with name inMemoryUserDetailsManager
2025-07-11T19:00:36.112-06:00  INFO 87157 --- [Bootstrap Spring Cloud] [main] o.s.b.a.e.web.EndpointLinksResolver      : Exposing 15 endpoints beneath base path '/actuator'
2025-07-11T19:00:36.166-06:00  INFO 87157 --- [Bootstrap Spring Cloud] [main] b.s.SpringBootApplicationIntegrationTest : Started SpringBootApplicationIntegrationTest in 0.398 seconds (process running for 5.991)
2025-07-11T19:00:36.170-06:00  INFO 87157 --- [Bootstrap Spring Cloud] [main] o.s.b.t.m.w.SpringBootMockServletContext : Initializing Spring TestDispatcherServlet ''
2025-07-11T19:00:36.170-06:00  INFO 87157 --- [Bootstrap Spring Cloud] [main] o.s.t.web.servlet.TestDispatcherServlet  : Initializing Servlet ''
2025-07-11T19:00:36.171-06:00  INFO 87157 --- [Bootstrap Spring Cloud] [main] o.s.t.web.servlet.TestDispatcherServlet  : Completed initialization in 1 ms
2025-07-11T19:00:36.178-06:00  INFO 87157 --- [Bootstrap Spring Cloud] [main] o.s.b.t.m.w.SpringBootMockServletContext : Initializing Spring TestDispatcherServlet ''
2025-07-11T19:00:36.178-06:00  INFO 87157 --- [Bootstrap Spring Cloud] [main] o.s.t.web.servlet.TestDispatcherServlet  : Initializing Servlet ''
2025-07-11T19:00:36.178-06:00  INFO 87157 --- [Bootstrap Spring Cloud] [main] o.s.t.web.servlet.TestDispatcherServlet  : Completed initialization in 0 ms
2025-07-11T19:00:36.194-06:00  INFO 87157 --- [Bootstrap Spring Cloud] [main] c.b.a.ActuatorInfoIntegrationTest        : Starting ActuatorInfoIntegrationTest using Java 17.0.15 with PID 87157 (started by josesaidolanogarcia in /Users/josesaidolanogarcia/REPOSITORIOS/Cometa/Lesson11/spring-boot-simple-lesson11)
2025-07-11T19:00:36.194-06:00  INFO 87157 --- [Bootstrap Spring Cloud] [main] c.b.a.ActuatorInfoIntegrationTest        : No active profile set, falling back to 1 default profile: "default"
2025-07-11T19:00:36.271-06:00  INFO 87157 --- [Bootstrap Spring Cloud] [main] .s.d.r.c.RepositoryConfigurationDelegate : Bootstrapping Spring Data JPA repositories in DEFAULT mode.
2025-07-11T19:00:36.272-06:00  INFO 87157 --- [Bootstrap Spring Cloud] [main] .s.d.r.c.RepositoryConfigurationDelegate : Finished Spring Data repository scanning in 0 ms. Found 0 JPA repository interfaces.
2025-07-11T19:00:36.360-06:00  INFO 87157 --- [Bootstrap Spring Cloud] [main] o.s.b.w.embedded.tomcat.TomcatWebServer  : Tomcat initialized with port 0 (http)
2025-07-11T19:00:36.366-06:00  INFO 87157 --- [Bootstrap Spring Cloud] [main] o.apache.catalina.core.StandardService   : Starting service [Tomcat]
2025-07-11T19:00:36.367-06:00  INFO 87157 --- [Bootstrap Spring Cloud] [main] o.apache.catalina.core.StandardEngine    : Starting Servlet engine: [Apache Tomcat/10.1.36]
2025-07-11T19:00:36.388-06:00  INFO 87157 --- [Bootstrap Spring Cloud] [main] o.a.c.c.C.[Tomcat].[localhost].[/]       : Initializing Spring embedded WebApplicationContext
2025-07-11T19:00:36.388-06:00  INFO 87157 --- [Bootstrap Spring Cloud] [main] w.s.c.ServletWebServerApplicationContext : Root WebApplicationContext: initialization completed in 193 ms
2025-07-11T19:00:36.442-06:00  INFO 87157 --- [Bootstrap Spring Cloud] [main] o.hibernate.jpa.internal.util.LogHelper  : HHH000204: Processing PersistenceUnitInfo [name: default]
2025-07-11T19:00:36.443-06:00  INFO 87157 --- [Bootstrap Spring Cloud] [main] o.h.c.internal.RegionFactoryInitiator    : HHH000026: Second-level cache disabled
2025-07-11T19:00:36.446-06:00  INFO 87157 --- [Bootstrap Spring Cloud] [main] o.s.o.j.p.SpringPersistenceUnitInfo      : No LoadTimeWeaver setup: ignoring JPA class transformer
2025-07-11T19:00:36.446-06:00  INFO 87157 --- [Bootstrap Spring Cloud] [main] com.zaxxer.hikari.HikariDataSource       : HikariPool-6 - Starting...
2025-07-11T19:00:36.447-06:00  INFO 87157 --- [Bootstrap Spring Cloud] [main] com.zaxxer.hikari.pool.HikariPool        : HikariPool-6 - Added connection conn60: url=jdbc:h2:mem:8320e79d-de97-4fb1-9e79-7e6233e4b3e4 user=SA
2025-07-11T19:00:36.447-06:00  INFO 87157 --- [Bootstrap Spring Cloud] [main] com.zaxxer.hikari.HikariDataSource       : HikariPool-6 - Start completed.
2025-07-11T19:00:36.447-06:00  INFO 87157 --- [Bootstrap Spring Cloud] [main] org.hibernate.orm.connections.pooling    : HHH10001005: Database info:
	Database JDBC URL [Connecting through datasource 'HikariDataSource (HikariPool-6)']
	Database driver: undefined/unknown
	Database version: 2.3.232
	Autocommit mode: undefined/unknown
	Isolation level: undefined/unknown
	Minimum pool size: undefined/unknown
	Maximum pool size: undefined/unknown
2025-07-11T19:00:36.452-06:00  INFO 87157 --- [Bootstrap Spring Cloud] [main] o.h.e.t.j.p.i.JtaPlatformInitiator       : HHH000489: No JTA platform available (set 'hibernate.transaction.jta.platform' to enable JTA platform integration)
2025-07-11T19:00:36.452-06:00  INFO 87157 --- [Bootstrap Spring Cloud] [main] j.LocalContainerEntityManagerFactoryBean : Initialized JPA EntityManagerFactory for persistence unit 'default'
2025-07-11T19:00:36.477-06:00  WARN 87157 --- [Bootstrap Spring Cloud] [main] JpaBaseConfiguration$JpaWebConfiguration : spring.jpa.open-in-view is enabled by default. Therefore, database queries may be performed during view rendering. Explicitly configure spring.jpa.open-in-view to disable this warning
2025-07-11T19:00:36.593-06:00  INFO 87157 --- [Bootstrap Spring Cloud] [main] r$InitializeUserDetailsManagerConfigurer : Global AuthenticationManager configured with UserDetailsService bean with name inMemoryUserDetailsManager
2025-07-11T19:00:36.604-06:00  INFO 87157 --- [Bootstrap Spring Cloud] [main] o.s.b.a.e.web.EndpointLinksResolver      : Exposing 16 endpoints beneath base path '/actuator'
2025-07-11T19:00:36.682-06:00  INFO 87157 --- [Bootstrap Spring Cloud] [main] o.s.b.w.embedded.tomcat.TomcatWebServer  : Tomcat started on port 64329 (http) with context path '/'
2025-07-11T19:00:36.685-06:00  INFO 87157 --- [Bootstrap Spring Cloud] [main] c.b.a.ActuatorInfoIntegrationTest        : Started ActuatorInfoIntegrationTest in 0.499 seconds (process running for 6.51)
2025-07-11T19:00:36.746-06:00 ERROR 87157 --- [Bootstrap Spring Cloud] [main] i.n.r.d.DnsServerAddressStreamProviders  : Unable to load io.netty.resolver.dns.macos.MacOSDnsServerAddressStreamProvider, fallback to system defaults. This may result in incorrect DNS resolutions on MacOS. Check whether you have a dependency on 'io.netty:netty-resolver-dns-native-macos'. Use DEBUG level to see the full stack: java.lang.UnsatisfiedLinkError: failed to load the required native library
2025-07-11T19:00:36.822-06:00  INFO 87157 --- [Bootstrap Spring Cloud] [http-nio-auto-1-exec-1] o.a.c.c.C.[Tomcat].[localhost].[/]       : Initializing Spring DispatcherServlet 'dispatcherServlet'
2025-07-11T19:00:36.823-06:00  INFO 87157 --- [Bootstrap Spring Cloud] [http-nio-auto-1-exec-1] o.s.web.servlet.DispatcherServlet        : Initializing Servlet 'dispatcherServlet'
2025-07-11T19:00:36.823-06:00  INFO 87157 --- [Bootstrap Spring Cloud] [http-nio-auto-1-exec-1] o.s.web.servlet.DispatcherServlet        : Completed initialization in 0 ms
2025-07-11T19:00:36.877-06:00  INFO 87157 --- [Bootstrap Spring Cloud] [SpringApplicationShutdownHook] j.LocalContainerEntityManagerFactoryBean : Closing JPA EntityManagerFactory for persistence unit 'default'
2025-07-11T19:00:36.878-06:00  INFO 87157 --- [Bootstrap Spring Cloud] [SpringApplicationShutdownHook] com.zaxxer.hikari.HikariDataSource       : HikariPool-1 - Shutdown initiated...
2025-07-11T19:00:36.880-06:00  INFO 87157 --- [Bootstrap Spring Cloud] [SpringApplicationShutdownHook] com.zaxxer.hikari.HikariDataSource       : HikariPool-1 - Shutdown completed.
2025-07-11T19:00:36.880-06:00  INFO 87157 --- [Bootstrap Spring Cloud] [SpringApplicationShutdownHook] j.LocalContainerEntityManagerFactoryBean : Closing JPA EntityManagerFactory for persistence unit 'default'
2025-07-11T19:00:36.882-06:00  INFO 87157 --- [Bootstrap Spring Cloud] [SpringApplicationShutdownHook] j.LocalContainerEntityManagerFactoryBean : Closing JPA EntityManagerFactory for persistence unit 'default'
2025-07-11T19:00:36.882-06:00  INFO 87157 --- [Bootstrap Spring Cloud] [SpringApplicationShutdownHook] com.zaxxer.hikari.HikariDataSource       : HikariPool-2 - Shutdown initiated...
2025-07-11T19:00:36.882-06:00  INFO 87157 --- [Bootstrap Spring Cloud] [SpringApplicationShutdownHook] com.zaxxer.hikari.HikariDataSource       : HikariPool-2 - Shutdown completed.
2025-07-11T19:00:36.884-06:00  INFO 87157 --- [Bootstrap Spring Cloud] [SpringApplicationShutdownHook] j.LocalContainerEntityManagerFactoryBean : Closing JPA EntityManagerFactory for persistence unit 'default'
2025-07-11T19:00:36.884-06:00  INFO 87157 --- [Bootstrap Spring Cloud] [SpringApplicationShutdownHook] com.zaxxer.hikari.HikariDataSource       : HikariPool-3 - Shutdown initiated...
2025-07-11T19:00:36.884-06:00  INFO 87157 --- [Bootstrap Spring Cloud] [SpringApplicationShutdownHook] com.zaxxer.hikari.HikariDataSource       : HikariPool-3 - Shutdown completed.
2025-07-11T19:00:36.885-06:00  INFO 87157 --- [Bootstrap Spring Cloud] [SpringApplicationShutdownHook] j.LocalContainerEntityManagerFactoryBean : Closing JPA EntityManagerFactory for persistence unit 'default'
2025-07-11T19:00:36.886-06:00  INFO 87157 --- [Bootstrap Spring Cloud] [SpringApplicationShutdownHook] com.zaxxer.hikari.HikariDataSource       : HikariPool-4 - Shutdown initiated...
2025-07-11T19:00:36.886-06:00  INFO 87157 --- [Bootstrap Spring Cloud] [SpringApplicationShutdownHook] com.zaxxer.hikari.HikariDataSource       : HikariPool-4 - Shutdown completed.
2025-07-11T19:00:36.887-06:00  INFO 87157 --- [Bootstrap Spring Cloud] [SpringApplicationShutdownHook] j.LocalContainerEntityManagerFactoryBean : Closing JPA EntityManagerFactory for persistence unit 'default'
2025-07-11T19:00:36.887-06:00  INFO 87157 --- [Bootstrap Spring Cloud] [SpringApplicationShutdownHook] com.zaxxer.hikari.HikariDataSource       : HikariPool-5 - Shutdown initiated...
2025-07-11T19:00:36.888-06:00  INFO 87157 --- [Bootstrap Spring Cloud] [SpringApplicationShutdownHook] com.zaxxer.hikari.HikariDataSource       : HikariPool-5 - Shutdown completed.
2025-07-11T19:00:36.888-06:00  INFO 87157 --- [Bootstrap Spring Cloud] [SpringApplicationShutdownHook] o.s.b.w.e.tomcat.GracefulShutdown        : Commencing graceful shutdown. Waiting for active requests to complete
2025-07-11T19:00:38.893-06:00  INFO 87157 --- [Bootstrap Spring Cloud] [tomcat-shutdown] o.s.b.w.e.tomcat.GracefulShutdown        : Graceful shutdown complete
2025-07-11T19:00:38.896-06:00  INFO 87157 --- [Bootstrap Spring Cloud] [SpringApplicationShutdownHook] j.LocalContainerEntityManagerFactoryBean : Closing JPA EntityManagerFactory for persistence unit 'default'
2025-07-11T19:00:38.896-06:00  INFO 87157 --- [Bootstrap Spring Cloud] [SpringApplicationShutdownHook] com.zaxxer.hikari.HikariDataSource       : HikariPool-6 - Shutdown initiated...
2025-07-11T19:00:38.896-06:00  INFO 87157 --- [Bootstrap Spring Cloud] [SpringApplicationShutdownHook] com.zaxxer.hikari.HikariDataSource       : HikariPool-6 - Shutdown completed.
2025-07-11T19:03:27.494-06:00  INFO 87402 --- [Bootstrap Spring Cloud] [main] b.s.SpringBootApplicationIntegrationTest : Starting SpringBootApplicationIntegrationTest using Java 23.0.2 with PID 87402 (started by josesaidolanogarcia in /Users/josesaidolanogarcia/REPOSITORIOS/Cometa/Lesson11/spring-boot-simple-lesson11)
2025-07-11T19:03:27.495-06:00  INFO 87402 --- [Bootstrap Spring Cloud] [main] b.s.SpringBootApplicationIntegrationTest : No active profile set, falling back to 1 default profile: "default"
2025-07-11T19:03:27.982-06:00  INFO 87402 --- [Bootstrap Spring Cloud] [main] .s.d.r.c.RepositoryConfigurationDelegate : Bootstrapping Spring Data JPA repositories in DEFAULT mode.
2025-07-11T19:03:28.035-06:00  INFO 87402 --- [Bootstrap Spring Cloud] [main] .s.d.r.c.RepositoryConfigurationDelegate : Finished Spring Data repository scanning in 48 ms. Found 1 JPA repository interface.
2025-07-11T19:03:28.285-06:00  INFO 87402 --- [Bootstrap Spring Cloud] [main] o.hibernate.jpa.internal.util.LogHelper  : HHH000204: Processing PersistenceUnitInfo [name: default]
2025-07-11T19:03:28.302-06:00  INFO 87402 --- [Bootstrap Spring Cloud] [main] org.hibernate.Version                    : HHH000412: Hibernate ORM core version 6.6.8.Final
2025-07-11T19:03:28.313-06:00  INFO 87402 --- [Bootstrap Spring Cloud] [main] o.h.c.internal.RegionFactoryInitiator    : HHH000026: Second-level cache disabled
2025-07-11T19:03:28.406-06:00  INFO 87402 --- [Bootstrap Spring Cloud] [main] o.s.o.j.p.SpringPersistenceUnitInfo      : No LoadTimeWeaver setup: ignoring JPA class transformer
2025-07-11T19:03:28.416-06:00  INFO 87402 --- [Bootstrap Spring Cloud] [main] com.zaxxer.hikari.HikariDataSource       : HikariPool-1 - Starting...
2025-07-11T19:03:28.483-06:00  INFO 87402 --- [Bootstrap Spring Cloud] [main] com.zaxxer.hikari.pool.HikariPool        : HikariPool-1 - Added connection conn0: url=jdbc:h2:mem:1815ad12-4034-44d7-a024-6f65762e01e8 user=SA
2025-07-11T19:03:28.484-06:00  INFO 87402 --- [Bootstrap Spring Cloud] [main] com.zaxxer.hikari.HikariDataSource       : HikariPool-1 - Start completed.
2025-07-11T19:03:28.513-06:00  INFO 87402 --- [Bootstrap Spring Cloud] [main] org.hibernate.orm.connections.pooling    : HHH10001005: Database info:
	Database JDBC URL [Connecting through datasource 'HikariDataSource (HikariPool-1)']
	Database driver: undefined/unknown
	Database version: 2.3.232
	Autocommit mode: undefined/unknown
	Isolation level: undefined/unknown
	Minimum pool size: undefined/unknown
	Maximum pool size: undefined/unknown
2025-07-11T19:03:28.808-06:00  INFO 87402 --- [Bootstrap Spring Cloud] [main] o.h.e.t.j.p.i.JtaPlatformInitiator       : HHH000489: No JTA platform available (set 'hibernate.transaction.jta.platform' to enable JTA platform integration)
2025-07-11T19:03:28.819-06:00  INFO 87402 --- [Bootstrap Spring Cloud] [main] j.LocalContainerEntityManagerFactoryBean : Initialized JPA EntityManagerFactory for persistence unit 'default'
2025-07-11T19:03:28.944-06:00  WARN 87402 --- [Bootstrap Spring Cloud] [main] JpaBaseConfiguration$JpaWebConfiguration : spring.jpa.open-in-view is enabled by default. Therefore, database queries may be performed during view rendering. Explicitly configure spring.jpa.open-in-view to disable this warning
2025-07-11T19:03:29.273-06:00  INFO 87402 --- [Bootstrap Spring Cloud] [main] r$InitializeUserDetailsManagerConfigurer : Global AuthenticationManager configured with UserDetailsService bean with name inMemoryUserDetailsManager
2025-07-11T19:03:29.323-06:00  INFO 87402 --- [Bootstrap Spring Cloud] [main] o.s.b.a.e.web.EndpointLinksResolver      : Exposing 15 endpoints beneath base path '/actuator'
2025-07-11T19:03:29.484-06:00  INFO 87402 --- [Bootstrap Spring Cloud] [main] b.s.SpringBootApplicationIntegrationTest : Started SpringBootApplicationIntegrationTest in 2.119 seconds (process running for 2.459)
2025-07-11T19:03:29.660-06:00  INFO 87402 --- [Bootstrap Spring Cloud] [main] o.s.b.t.m.w.SpringBootMockServletContext : Initializing Spring TestDispatcherServlet ''
2025-07-11T19:03:29.660-06:00  INFO 87402 --- [Bootstrap Spring Cloud] [main] o.s.t.web.servlet.TestDispatcherServlet  : Initializing Servlet ''
2025-07-11T19:03:29.661-06:00  INFO 87402 --- [Bootstrap Spring Cloud] [main] o.s.t.web.servlet.TestDispatcherServlet  : Completed initialization in 1 ms
2025-07-11T19:03:29.712-06:00  INFO 87402 --- [Bootstrap Spring Cloud] [main] o.s.b.t.m.w.SpringBootMockServletContext : Initializing Spring TestDispatcherServlet ''
2025-07-11T19:03:29.713-06:00  INFO 87402 --- [Bootstrap Spring Cloud] [main] o.s.t.web.servlet.TestDispatcherServlet  : Initializing Servlet ''
2025-07-11T19:03:29.713-06:00  INFO 87402 --- [Bootstrap Spring Cloud] [main] o.s.t.web.servlet.TestDispatcherServlet  : Completed initialization in 0 ms
2025-07-11T19:03:29.731-06:00  INFO 87402 --- [Bootstrap Spring Cloud] [SpringApplicationShutdownHook] j.LocalContainerEntityManagerFactoryBean : Closing JPA EntityManagerFactory for persistence unit 'default'
2025-07-11T19:03:29.732-06:00  INFO 87402 --- [Bootstrap Spring Cloud] [SpringApplicationShutdownHook] com.zaxxer.hikari.HikariDataSource       : HikariPool-1 - Shutdown initiated...
2025-07-11T19:03:29.733-06:00  INFO 87402 --- [Bootstrap Spring Cloud] [SpringApplicationShutdownHook] com.zaxxer.hikari.HikariDataSource       : HikariPool-1 - Shutdown completed.
2025-07-11T20:04:01.154-06:00  INFO 91461 --- [Bootstrap Spring Cloud] [main] b.s.SpringBootApplicationIntegrationTest : Starting SpringBootApplicationIntegrationTest using Java 23.0.2 with PID 91461 (started by josesaidolanogarcia in /Users/josesaidolanogarcia/REPOSITORIOS/Cometa/Lesson11/spring-boot-simple-lesson11)
2025-07-11T20:04:01.155-06:00  INFO 91461 --- [Bootstrap Spring Cloud] [main] b.s.SpringBootApplicationIntegrationTest : No active profile set, falling back to 1 default profile: "default"
2025-07-11T20:04:01.645-06:00  INFO 91461 --- [Bootstrap Spring Cloud] [main] .s.d.r.c.RepositoryConfigurationDelegate : Bootstrapping Spring Data JPA repositories in DEFAULT mode.
2025-07-11T20:04:01.693-06:00  INFO 91461 --- [Bootstrap Spring Cloud] [main] .s.d.r.c.RepositoryConfigurationDelegate : Finished Spring Data repository scanning in 44 ms. Found 1 JPA repository interface.
2025-07-11T20:04:01.925-06:00  INFO 91461 --- [Bootstrap Spring Cloud] [main] o.hibernate.jpa.internal.util.LogHelper  : HHH000204: Processing PersistenceUnitInfo [name: default]
2025-07-11T20:04:01.942-06:00  INFO 91461 --- [Bootstrap Spring Cloud] [main] org.hibernate.Version                    : HHH000412: Hibernate ORM core version 6.6.8.Final
2025-07-11T20:04:01.953-06:00  INFO 91461 --- [Bootstrap Spring Cloud] [main] o.h.c.internal.RegionFactoryInitiator    : HHH000026: Second-level cache disabled
2025-07-11T20:04:02.051-06:00  INFO 91461 --- [Bootstrap Spring Cloud] [main] o.s.o.j.p.SpringPersistenceUnitInfo      : No LoadTimeWeaver setup: ignoring JPA class transformer
2025-07-11T20:04:02.061-06:00  INFO 91461 --- [Bootstrap Spring Cloud] [main] com.zaxxer.hikari.HikariDataSource       : HikariPool-1 - Starting...
2025-07-11T20:04:02.134-06:00  INFO 91461 --- [Bootstrap Spring Cloud] [main] com.zaxxer.hikari.pool.HikariPool        : HikariPool-1 - Added connection conn0: url=jdbc:h2:mem:cb728bac-c85f-42ed-a09f-46216a868a19 user=SA
2025-07-11T20:04:02.135-06:00  INFO 91461 --- [Bootstrap Spring Cloud] [main] com.zaxxer.hikari.HikariDataSource       : HikariPool-1 - Start completed.
2025-07-11T20:04:02.164-06:00  INFO 91461 --- [Bootstrap Spring Cloud] [main] org.hibernate.orm.connections.pooling    : HHH10001005: Database info:
	Database JDBC URL [Connecting through datasource 'HikariDataSource (HikariPool-1)']
	Database driver: undefined/unknown
	Database version: 2.3.232
	Autocommit mode: undefined/unknown
	Isolation level: undefined/unknown
	Minimum pool size: undefined/unknown
	Maximum pool size: undefined/unknown
2025-07-11T20:04:02.457-06:00  INFO 91461 --- [Bootstrap Spring Cloud] [main] o.h.e.t.j.p.i.JtaPlatformInitiator       : HHH000489: No JTA platform available (set 'hibernate.transaction.jta.platform' to enable JTA platform integration)
2025-07-11T20:04:02.467-06:00  INFO 91461 --- [Bootstrap Spring Cloud] [main] j.LocalContainerEntityManagerFactoryBean : Initialized JPA EntityManagerFactory for persistence unit 'default'
2025-07-11T20:04:02.595-06:00  WARN 91461 --- [Bootstrap Spring Cloud] [main] JpaBaseConfiguration$JpaWebConfiguration : spring.jpa.open-in-view is enabled by default. Therefore, database queries may be performed during view rendering. Explicitly configure spring.jpa.open-in-view to disable this warning
2025-07-11T20:04:02.969-06:00  INFO 91461 --- [Bootstrap Spring Cloud] [main] r$InitializeUserDetailsManagerConfigurer : Global AuthenticationManager configured with UserDetailsService bean with name inMemoryUserDetailsManager
2025-07-11T20:04:03.024-06:00  INFO 91461 --- [Bootstrap Spring Cloud] [main] o.s.b.a.e.web.EndpointLinksResolver      : Exposing 15 endpoints beneath base path '/actuator'
2025-07-11T20:04:03.196-06:00  INFO 91461 --- [Bootstrap Spring Cloud] [main] b.s.SpringBootApplicationIntegrationTest : Started SpringBootApplicationIntegrationTest in 2.173 seconds (process running for 2.646)
2025-07-11T20:04:03.360-06:00  INFO 91461 --- [Bootstrap Spring Cloud] [main] o.s.b.t.m.w.SpringBootMockServletContext : Initializing Spring TestDispatcherServlet ''
2025-07-11T20:04:03.360-06:00  INFO 91461 --- [Bootstrap Spring Cloud] [main] o.s.t.web.servlet.TestDispatcherServlet  : Initializing Servlet ''
2025-07-11T20:04:03.360-06:00  INFO 91461 --- [Bootstrap Spring Cloud] [main] o.s.t.web.servlet.TestDispatcherServlet  : Completed initialization in 0 ms
2025-07-11T20:04:03.405-06:00  INFO 91461 --- [Bootstrap Spring Cloud] [main] o.s.b.t.m.w.SpringBootMockServletContext : Initializing Spring TestDispatcherServlet ''
2025-07-11T20:04:03.405-06:00  INFO 91461 --- [Bootstrap Spring Cloud] [main] o.s.t.web.servlet.TestDispatcherServlet  : Initializing Servlet ''
2025-07-11T20:04:03.405-06:00  INFO 91461 --- [Bootstrap Spring Cloud] [main] o.s.t.web.servlet.TestDispatcherServlet  : Completed initialization in 0 ms
2025-07-11T20:04:03.422-06:00  INFO 91461 --- [Bootstrap Spring Cloud] [SpringApplicationShutdownHook] j.LocalContainerEntityManagerFactoryBean : Closing JPA EntityManagerFactory for persistence unit 'default'
2025-07-11T20:04:03.423-06:00  INFO 91461 --- [Bootstrap Spring Cloud] [SpringApplicationShutdownHook] com.zaxxer.hikari.HikariDataSource       : HikariPool-1 - Shutdown initiated...
2025-07-11T20:04:03.424-06:00  INFO 91461 --- [Bootstrap Spring Cloud] [SpringApplicationShutdownHook] com.zaxxer.hikari.HikariDataSource       : HikariPool-1 - Shutdown completed.
2025-07-11T20:14:25.268-06:00  INFO 92209 --- [Bootstrap Spring Cloud] [main] .t.EmployeeRestControllerIntegrationTest : Starting EmployeeRestControllerIntegrationTest using Java 17.0.15 with PID 92209 (started by josesaidolanogarcia in /Users/josesaidolanogarcia/REPOSITORIOS/Cometa/Lesson11/spring-boot-simple-lesson11)
2025-07-11T20:14:25.269-06:00  INFO 92209 --- [Bootstrap Spring Cloud] [main] .t.EmployeeRestControllerIntegrationTest : No active profile set, falling back to 1 default profile: "default"
2025-07-11T20:14:25.693-06:00  INFO 92209 --- [Bootstrap Spring Cloud] [main] .s.d.r.c.RepositoryConfigurationDelegate : Bootstrapping Spring Data JPA repositories in DEFAULT mode.
2025-07-11T20:14:25.744-06:00  INFO 92209 --- [Bootstrap Spring Cloud] [main] .s.d.r.c.RepositoryConfigurationDelegate : Finished Spring Data repository scanning in 47 ms. Found 1 JPA repository interface.
2025-07-11T20:14:25.964-06:00  INFO 92209 --- [Bootstrap Spring Cloud] [main] o.hibernate.jpa.internal.util.LogHelper  : HHH000204: Processing PersistenceUnitInfo [name: default]
2025-07-11T20:14:25.977-06:00  INFO 92209 --- [Bootstrap Spring Cloud] [main] org.hibernate.Version                    : HHH000412: Hibernate ORM core version 6.6.8.Final
2025-07-11T20:14:25.987-06:00  INFO 92209 --- [Bootstrap Spring Cloud] [main] o.h.c.internal.RegionFactoryInitiator    : HHH000026: Second-level cache disabled
2025-07-11T20:14:26.073-06:00  INFO 92209 --- [Bootstrap Spring Cloud] [main] o.s.o.j.p.SpringPersistenceUnitInfo      : No LoadTimeWeaver setup: ignoring JPA class transformer
2025-07-11T20:14:26.083-06:00  INFO 92209 --- [Bootstrap Spring Cloud] [main] com.zaxxer.hikari.HikariDataSource       : HikariPool-1 - Starting...
2025-07-11T20:14:26.146-06:00  INFO 92209 --- [Bootstrap Spring Cloud] [main] com.zaxxer.hikari.pool.HikariPool        : HikariPool-1 - Added connection conn0: url=jdbc:h2:mem:test user=SA
2025-07-11T20:14:26.146-06:00  INFO 92209 --- [Bootstrap Spring Cloud] [main] com.zaxxer.hikari.HikariDataSource       : HikariPool-1 - Start completed.
2025-07-11T20:14:26.154-06:00  WARN 92209 --- [Bootstrap Spring Cloud] [main] org.hibernate.orm.deprecation            : HHH90000025: H2Dialect does not need to be specified explicitly using 'hibernate.dialect' (remove the property setting and it will be selected by default)
2025-07-11T20:14:26.163-06:00  INFO 92209 --- [Bootstrap Spring Cloud] [main] org.hibernate.orm.connections.pooling    : HHH10001005: Database info:
	Database JDBC URL [Connecting through datasource 'HikariDataSource (HikariPool-1)']
	Database driver: undefined/unknown
	Database version: 2.3.232
	Autocommit mode: undefined/unknown
	Isolation level: undefined/unknown
	Minimum pool size: undefined/unknown
	Maximum pool size: undefined/unknown
2025-07-11T20:14:26.421-06:00  INFO 92209 --- [Bootstrap Spring Cloud] [main] o.h.e.t.j.p.i.JtaPlatformInitiator       : HHH000489: No JTA platform available (set 'hibernate.transaction.jta.platform' to enable JTA platform integration)
2025-07-11T20:14:26.430-06:00  INFO 92209 --- [Bootstrap Spring Cloud] [main] j.LocalContainerEntityManagerFactoryBean : Initialized JPA EntityManagerFactory for persistence unit 'default'
2025-07-11T20:14:26.578-06:00  WARN 92209 --- [Bootstrap Spring Cloud] [main] JpaBaseConfiguration$JpaWebConfiguration : spring.jpa.open-in-view is enabled by default. Therefore, database queries may be performed during view rendering. Explicitly configure spring.jpa.open-in-view to disable this warning
2025-07-11T20:14:26.608-06:00  INFO 92209 --- [Bootstrap Spring Cloud] [main] r$InitializeUserDetailsManagerConfigurer : Global AuthenticationManager configured with UserDetailsService bean with name inMemoryUserDetailsManager
2025-07-11T20:14:27.035-06:00  INFO 92209 --- [Bootstrap Spring Cloud] [main] o.s.b.a.e.web.EndpointLinksResolver      : Exposing 15 endpoints beneath base path '/actuator'
2025-07-11T20:14:27.071-06:00  INFO 92209 --- [Bootstrap Spring Cloud] [main] o.s.b.t.m.w.SpringBootMockServletContext : Initializing Spring TestDispatcherServlet ''
2025-07-11T20:14:27.072-06:00  INFO 92209 --- [Bootstrap Spring Cloud] [main] o.s.t.web.servlet.TestDispatcherServlet  : Initializing Servlet ''
2025-07-11T20:14:27.072-06:00  INFO 92209 --- [Bootstrap Spring Cloud] [main] o.s.t.web.servlet.TestDispatcherServlet  : Completed initialization in 0 ms
2025-07-11T20:14:27.140-06:00  INFO 92209 --- [Bootstrap Spring Cloud] [main] .t.EmployeeRestControllerIntegrationTest : Started EmployeeRestControllerIntegrationTest in 1.98 seconds (process running for 2.398)
2025-07-11T20:14:27.556-06:00  INFO 92209 --- [Bootstrap Spring Cloud] [main] t.c.s.AnnotationConfigContextLoaderUtils : Could not detect default configuration classes for test class [com.baeldung.boot.testing.EmployeeRepositoryIntegrationTest]: EmployeeRepositoryIntegrationTest does not declare any static, non-private, non-final, nested classes annotated with @Configuration.
2025-07-11T20:14:27.562-06:00  INFO 92209 --- [Bootstrap Spring Cloud] [main] .b.t.c.SpringBootTestContextBootstrapper : Found @SpringBootConfiguration com.baeldung.boot.testing.Application for test class com.baeldung.boot.testing.EmployeeRepositoryIntegrationTest
2025-07-11T20:14:27.571-06:00  INFO 92209 --- [Bootstrap Spring Cloud] [main] .b.b.t.EmployeeRepositoryIntegrationTest : Starting EmployeeRepositoryIntegrationTest using Java 17.0.15 with PID 92209 (started by josesaidolanogarcia in /Users/josesaidolanogarcia/REPOSITORIOS/Cometa/Lesson11/spring-boot-simple-lesson11)
2025-07-11T20:14:27.571-06:00  INFO 92209 --- [Bootstrap Spring Cloud] [main] .b.b.t.EmployeeRepositoryIntegrationTest : No active profile set, falling back to 1 default profile: "default"
2025-07-11T20:14:27.594-06:00  INFO 92209 --- [Bootstrap Spring Cloud] [main] .s.d.r.c.RepositoryConfigurationDelegate : Bootstrapping Spring Data JPA repositories in DEFAULT mode.
2025-07-11T20:14:27.597-06:00  INFO 92209 --- [Bootstrap Spring Cloud] [main] .s.d.r.c.RepositoryConfigurationDelegate : Finished Spring Data repository scanning in 2 ms. Found 1 JPA repository interface.
2025-07-11T20:14:27.601-06:00  INFO 92209 --- [Bootstrap Spring Cloud] [main] beddedDataSourceBeanFactoryPostProcessor : Replacing 'dataSource' DataSource bean with embedded version
2025-07-11T20:14:27.608-06:00  INFO 92209 --- [Bootstrap Spring Cloud] [main] o.s.j.d.e.EmbeddedDatabaseFactory        : Starting embedded database: url='jdbc:h2:mem:4363c5e0-7e7e-4ab4-b9fc-ec9688652a6c;DB_CLOSE_DELAY=-1;DB_CLOSE_ON_EXIT=false', username='sa'
2025-07-11T20:14:27.614-06:00  INFO 92209 --- [Bootstrap Spring Cloud] [main] o.hibernate.jpa.internal.util.LogHelper  : HHH000204: Processing PersistenceUnitInfo [name: default]
2025-07-11T20:14:27.615-06:00  INFO 92209 --- [Bootstrap Spring Cloud] [main] o.h.c.internal.RegionFactoryInitiator    : HHH000026: Second-level cache disabled
2025-07-11T20:14:27.619-06:00  INFO 92209 --- [Bootstrap Spring Cloud] [main] o.s.o.j.p.SpringPersistenceUnitInfo      : No LoadTimeWeaver setup: ignoring JPA class transformer
2025-07-11T20:14:27.627-06:00  INFO 92209 --- [Bootstrap Spring Cloud] [main] org.hibernate.orm.connections.pooling    : HHH10001005: Database info:
	Database JDBC URL [Connecting through datasource 'org.springframework.jdbc.datasource.embedded.EmbeddedDatabaseFactory$EmbeddedDataSourceProxy@4a96541']
	Database driver: undefined/unknown
	Database version: 2.3.232
	Autocommit mode: undefined/unknown
	Isolation level: undefined/unknown
	Minimum pool size: undefined/unknown
	Maximum pool size: undefined/unknown
2025-07-11T20:14:27.640-06:00  INFO 92209 --- [Bootstrap Spring Cloud] [main] o.h.e.t.j.p.i.JtaPlatformInitiator       : HHH000489: No JTA platform available (set 'hibernate.transaction.jta.platform' to enable JTA platform integration)
2025-07-11T20:14:27.642-06:00  INFO 92209 --- [Bootstrap Spring Cloud] [main] j.LocalContainerEntityManagerFactoryBean : Initialized JPA EntityManagerFactory for persistence unit 'default'
2025-07-11T20:14:27.652-06:00  INFO 92209 --- [Bootstrap Spring Cloud] [main] .b.b.t.EmployeeRepositoryIntegrationTest : Started EmployeeRepositoryIntegrationTest in 0.089 seconds (process running for 2.91)
2025-07-11T20:14:27.683-06:00  INFO 92209 --- [Bootstrap Spring Cloud] [main] t.c.s.AnnotationConfigContextLoaderUtils : Could not detect default configuration classes for test class [com.baeldung.boot.testing.EmployeeControllerIntegrationTest]: EmployeeControllerIntegrationTest does not declare any static, non-private, non-final, nested classes annotated with @Configuration.
2025-07-11T20:14:27.686-06:00  INFO 92209 --- [Bootstrap Spring Cloud] [main] .b.t.c.SpringBootTestContextBootstrapper : Found @SpringBootConfiguration com.baeldung.boot.testing.Application for test class com.baeldung.boot.testing.EmployeeControllerIntegrationTest
2025-07-11T20:14:27.693-06:00  INFO 92209 --- [Bootstrap Spring Cloud] [main] .b.b.t.EmployeeControllerIntegrationTest : Starting EmployeeControllerIntegrationTest using Java 17.0.15 with PID 92209 (started by josesaidolanogarcia in /Users/josesaidolanogarcia/REPOSITORIOS/Cometa/Lesson11/spring-boot-simple-lesson11)
2025-07-11T20:14:27.694-06:00  INFO 92209 --- [Bootstrap Spring Cloud] [main] .b.b.t.EmployeeControllerIntegrationTest : No active profile set, falling back to 1 default profile: "default"
2025-07-11T20:14:27.875-06:00  INFO 92209 --- [Bootstrap Spring Cloud] [main] o.s.b.t.m.w.SpringBootMockServletContext : Initializing Spring TestDispatcherServlet ''
2025-07-11T20:14:27.875-06:00  INFO 92209 --- [Bootstrap Spring Cloud] [main] o.s.t.web.servlet.TestDispatcherServlet  : Initializing Servlet ''
2025-07-11T20:14:27.876-06:00  INFO 92209 --- [Bootstrap Spring Cloud] [main] o.s.t.web.servlet.TestDispatcherServlet  : Completed initialization in 1 ms
2025-07-11T20:14:27.884-06:00  INFO 92209 --- [Bootstrap Spring Cloud] [main] .b.b.t.EmployeeControllerIntegrationTest : Started EmployeeControllerIntegrationTest in 0.197 seconds (process running for 3.142)
2025-07-11T20:14:28.033-06:00  INFO 92209 --- [Bootstrap Spring Cloud] [main] c.baeldung.bootstrap.SpringContextTest   : Starting SpringContextTest using Java 17.0.15 with PID 92209 (started by josesaidolanogarcia in /Users/josesaidolanogarcia/REPOSITORIOS/Cometa/Lesson11/spring-boot-simple-lesson11)
2025-07-11T20:14:28.034-06:00  INFO 92209 --- [Bootstrap Spring Cloud] [main] c.baeldung.bootstrap.SpringContextTest   : No active profile set, falling back to 1 default profile: "default"
2025-07-11T20:14:28.148-06:00  INFO 92209 --- [Bootstrap Spring Cloud] [main] .s.d.r.c.RepositoryConfigurationDelegate : Bootstrapping Spring Data JPA repositories in DEFAULT mode.
2025-07-11T20:14:28.152-06:00  INFO 92209 --- [Bootstrap Spring Cloud] [main] .s.d.r.c.RepositoryConfigurationDelegate : Finished Spring Data repository scanning in 2 ms. Found 1 JPA repository interface.
2025-07-11T20:14:28.311-06:00  INFO 92209 --- [Bootstrap Spring Cloud] [main] o.hibernate.jpa.internal.util.LogHelper  : HHH000204: Processing PersistenceUnitInfo [name: default]
2025-07-11T20:14:28.313-06:00  INFO 92209 --- [Bootstrap Spring Cloud] [main] o.h.c.internal.RegionFactoryInitiator    : HHH000026: Second-level cache disabled
2025-07-11T20:14:28.318-06:00  INFO 92209 --- [Bootstrap Spring Cloud] [main] o.s.o.j.p.SpringPersistenceUnitInfo      : No LoadTimeWeaver setup: ignoring JPA class transformer
2025-07-11T20:14:28.319-06:00  INFO 92209 --- [Bootstrap Spring Cloud] [main] com.zaxxer.hikari.HikariDataSource       : HikariPool-2 - Starting...
2025-07-11T20:14:28.320-06:00  INFO 92209 --- [Bootstrap Spring Cloud] [main] com.zaxxer.hikari.pool.HikariPool        : HikariPool-2 - Added connection conn20: url=jdbc:h2:mem:e692701e-fe43-43d0-b616-5202a8c60b4c user=SA
2025-07-11T20:14:28.320-06:00  INFO 92209 --- [Bootstrap Spring Cloud] [main] com.zaxxer.hikari.HikariDataSource       : HikariPool-2 - Start completed.
2025-07-11T20:14:28.321-06:00  INFO 92209 --- [Bootstrap Spring Cloud] [main] org.hibernate.orm.connections.pooling    : HHH10001005: Database info:
	Database JDBC URL [Connecting through datasource 'HikariDataSource (HikariPool-2)']
	Database driver: undefined/unknown
	Database version: 2.3.232
	Autocommit mode: undefined/unknown
	Isolation level: undefined/unknown
	Minimum pool size: undefined/unknown
	Maximum pool size: undefined/unknown
2025-07-11T20:14:28.345-06:00  INFO 92209 --- [Bootstrap Spring Cloud] [main] o.h.e.t.j.p.i.JtaPlatformInitiator       : HHH000489: No JTA platform available (set 'hibernate.transaction.jta.platform' to enable JTA platform integration)
2025-07-11T20:14:28.348-06:00  INFO 92209 --- [Bootstrap Spring Cloud] [main] j.LocalContainerEntityManagerFactoryBean : Initialized JPA EntityManagerFactory for persistence unit 'default'
2025-07-11T20:14:28.419-06:00  WARN 92209 --- [Bootstrap Spring Cloud] [main] JpaBaseConfiguration$JpaWebConfiguration : spring.jpa.open-in-view is enabled by default. Therefore, database queries may be performed during view rendering. Explicitly configure spring.jpa.open-in-view to disable this warning
2025-07-11T20:14:28.442-06:00  INFO 92209 --- [Bootstrap Spring Cloud] [main] r$InitializeUserDetailsManagerConfigurer : Global AuthenticationManager configured with UserDetailsService bean with name inMemoryUserDetailsManager
2025-07-11T20:14:28.778-06:00  INFO 92209 --- [Bootstrap Spring Cloud] [main] o.s.b.a.e.web.EndpointLinksResolver      : Exposing 15 endpoints beneath base path '/actuator'
2025-07-11T20:14:28.828-06:00  INFO 92209 --- [Bootstrap Spring Cloud] [main] c.baeldung.bootstrap.SpringContextTest   : Started SpringContextTest in 0.811 seconds (process running for 4.086)
2025-07-11T20:14:29.278-06:00  INFO 92209 --- [Bootstrap Spring Cloud] [main] .b.c.PropertiesConversionIntegrationTest : Starting PropertiesConversionIntegrationTest using Java 17.0.15 with PID 92209 (started by josesaidolanogarcia in /Users/josesaidolanogarcia/REPOSITORIOS/Cometa/Lesson11/spring-boot-simple-lesson11)
2025-07-11T20:14:29.278-06:00  INFO 92209 --- [Bootstrap Spring Cloud] [main] .b.c.PropertiesConversionIntegrationTest : No active profile set, falling back to 1 default profile: "default"
2025-07-11T20:14:29.426-06:00  INFO 92209 --- [Bootstrap Spring Cloud] [main] .s.d.r.c.RepositoryConfigurationDelegate : Bootstrapping Spring Data JPA repositories in DEFAULT mode.
2025-07-11T20:14:29.428-06:00  INFO 92209 --- [Bootstrap Spring Cloud] [main] .s.d.r.c.RepositoryConfigurationDelegate : Finished Spring Data repository scanning in 1 ms. Found 0 JPA repository interfaces.
2025-07-11T20:14:29.506-06:00  INFO 92209 --- [Bootstrap Spring Cloud] [main] o.hibernate.jpa.internal.util.LogHelper  : HHH000204: Processing PersistenceUnitInfo [name: default]
2025-07-11T20:14:29.507-06:00  INFO 92209 --- [Bootstrap Spring Cloud] [main] o.h.c.internal.RegionFactoryInitiator    : HHH000026: Second-level cache disabled
2025-07-11T20:14:29.512-06:00  INFO 92209 --- [Bootstrap Spring Cloud] [main] o.s.o.j.p.SpringPersistenceUnitInfo      : No LoadTimeWeaver setup: ignoring JPA class transformer
2025-07-11T20:14:29.512-06:00  INFO 92209 --- [Bootstrap Spring Cloud] [main] com.zaxxer.hikari.HikariDataSource       : HikariPool-3 - Starting...
2025-07-11T20:14:29.513-06:00  INFO 92209 --- [Bootstrap Spring Cloud] [main] com.zaxxer.hikari.pool.HikariPool        : HikariPool-3 - Added connection conn30: url=jdbc:h2:mem:66d56c28-13ef-4b7f-8dd4-21d0195fc7e5 user=SA
2025-07-11T20:14:29.513-06:00  INFO 92209 --- [Bootstrap Spring Cloud] [main] com.zaxxer.hikari.HikariDataSource       : HikariPool-3 - Start completed.
2025-07-11T20:14:29.514-06:00  INFO 92209 --- [Bootstrap Spring Cloud] [main] org.hibernate.orm.connections.pooling    : HHH10001005: Database info:
	Database JDBC URL [Connecting through datasource 'HikariDataSource (HikariPool-3)']
	Database driver: undefined/unknown
	Database version: 2.3.232
	Autocommit mode: undefined/unknown
	Isolation level: undefined/unknown
	Minimum pool size: undefined/unknown
	Maximum pool size: undefined/unknown
2025-07-11T20:14:29.521-06:00  INFO 92209 --- [Bootstrap Spring Cloud] [main] o.h.e.t.j.p.i.JtaPlatformInitiator       : HHH000489: No JTA platform available (set 'hibernate.transaction.jta.platform' to enable JTA platform integration)
2025-07-11T20:14:29.522-06:00  INFO 92209 --- [Bootstrap Spring Cloud] [main] j.LocalContainerEntityManagerFactoryBean : Initialized JPA EntityManagerFactory for persistence unit 'default'
2025-07-11T20:14:29.636-06:00  WARN 92209 --- [Bootstrap Spring Cloud] [main] JpaBaseConfiguration$JpaWebConfiguration : spring.jpa.open-in-view is enabled by default. Therefore, database queries may be performed during view rendering. Explicitly configure spring.jpa.open-in-view to disable this warning
2025-07-11T20:14:29.846-06:00  INFO 92209 --- [Bootstrap Spring Cloud] [main] r$InitializeUserDetailsManagerConfigurer : Global AuthenticationManager configured with UserDetailsService bean with name inMemoryUserDetailsManager
2025-07-11T20:14:29.868-06:00  INFO 92209 --- [Bootstrap Spring Cloud] [main] o.s.b.a.e.web.EndpointLinksResolver      : Exposing 15 endpoints beneath base path '/actuator'
2025-07-11T20:14:29.931-06:00  INFO 92209 --- [Bootstrap Spring Cloud] [main] .b.c.PropertiesConversionIntegrationTest : Started PropertiesConversionIntegrationTest in 0.665 seconds (process running for 5.189)
2025-07-11T20:14:29.954-06:00  INFO 92209 --- [Bootstrap Spring Cloud] [main] c.b.s.SpringBootJPAIntegrationTest       : Starting SpringBootJPAIntegrationTest using Java 17.0.15 with PID 92209 (started by josesaidolanogarcia in /Users/josesaidolanogarcia/REPOSITORIOS/Cometa/Lesson11/spring-boot-simple-lesson11)
2025-07-11T20:14:29.954-06:00  INFO 92209 --- [Bootstrap Spring Cloud] [main] c.b.s.SpringBootJPAIntegrationTest       : No active profile set, falling back to 1 default profile: "default"
2025-07-11T20:14:30.041-06:00  INFO 92209 --- [Bootstrap Spring Cloud] [main] .s.d.r.c.RepositoryConfigurationDelegate : Bootstrapping Spring Data JPA repositories in DEFAULT mode.
2025-07-11T20:14:30.043-06:00  INFO 92209 --- [Bootstrap Spring Cloud] [main] .s.d.r.c.RepositoryConfigurationDelegate : Finished Spring Data repository scanning in 1 ms. Found 1 JPA repository interface.
2025-07-11T20:14:30.101-06:00  INFO 92209 --- [Bootstrap Spring Cloud] [main] o.hibernate.jpa.internal.util.LogHelper  : HHH000204: Processing PersistenceUnitInfo [name: default]
2025-07-11T20:14:30.102-06:00  INFO 92209 --- [Bootstrap Spring Cloud] [main] o.h.c.internal.RegionFactoryInitiator    : HHH000026: Second-level cache disabled
2025-07-11T20:14:30.105-06:00  INFO 92209 --- [Bootstrap Spring Cloud] [main] o.s.o.j.p.SpringPersistenceUnitInfo      : No LoadTimeWeaver setup: ignoring JPA class transformer
2025-07-11T20:14:30.105-06:00  INFO 92209 --- [Bootstrap Spring Cloud] [main] com.zaxxer.hikari.HikariDataSource       : HikariPool-4 - Starting...
2025-07-11T20:14:30.106-06:00  INFO 92209 --- [Bootstrap Spring Cloud] [main] com.zaxxer.hikari.pool.HikariPool        : HikariPool-4 - Added connection conn40: url=jdbc:h2:mem:c6b22502-0e77-4faa-8ad7-2deb541cada5 user=SA
2025-07-11T20:14:30.107-06:00  INFO 92209 --- [Bootstrap Spring Cloud] [main] com.zaxxer.hikari.HikariDataSource       : HikariPool-4 - Start completed.
2025-07-11T20:14:30.107-06:00  INFO 92209 --- [Bootstrap Spring Cloud] [main] org.hibernate.orm.connections.pooling    : HHH10001005: Database info:
	Database JDBC URL [Connecting through datasource 'HikariDataSource (HikariPool-4)']
	Database driver: undefined/unknown
	Database version: 2.3.232
	Autocommit mode: undefined/unknown
	Isolation level: undefined/unknown
	Minimum pool size: undefined/unknown
	Maximum pool size: undefined/unknown
2025-07-11T20:14:30.120-06:00  INFO 92209 --- [Bootstrap Spring Cloud] [main] o.h.e.t.j.p.i.JtaPlatformInitiator       : HHH000489: No JTA platform available (set 'hibernate.transaction.jta.platform' to enable JTA platform integration)
2025-07-11T20:14:30.121-06:00  INFO 92209 --- [Bootstrap Spring Cloud] [main] j.LocalContainerEntityManagerFactoryBean : Initialized JPA EntityManagerFactory for persistence unit 'default'
2025-07-11T20:14:30.192-06:00  WARN 92209 --- [Bootstrap Spring Cloud] [main] JpaBaseConfiguration$JpaWebConfiguration : spring.jpa.open-in-view is enabled by default. Therefore, database queries may be performed during view rendering. Explicitly configure spring.jpa.open-in-view to disable this warning
2025-07-11T20:14:30.363-06:00  INFO 92209 --- [Bootstrap Spring Cloud] [main] r$InitializeUserDetailsManagerConfigurer : Global AuthenticationManager configured with UserDetailsService bean with name inMemoryUserDetailsManager
2025-07-11T20:14:30.385-06:00  INFO 92209 --- [Bootstrap Spring Cloud] [main] o.s.b.a.e.web.EndpointLinksResolver      : Exposing 15 endpoints beneath base path '/actuator'
2025-07-11T20:14:30.457-06:00  INFO 92209 --- [Bootstrap Spring Cloud] [main] c.b.s.SpringBootJPAIntegrationTest       : Started SpringBootJPAIntegrationTest in 0.512 seconds (process running for 5.715)
2025-07-11T20:14:30.480-06:00  INFO 92209 --- [Bootstrap Spring Cloud] [main] b.s.SpringBootApplicationIntegrationTest : Starting SpringBootApplicationIntegrationTest using Java 17.0.15 with PID 92209 (started by josesaidolanogarcia in /Users/josesaidolanogarcia/REPOSITORIOS/Cometa/Lesson11/spring-boot-simple-lesson11)
2025-07-11T20:14:30.480-06:00  INFO 92209 --- [Bootstrap Spring Cloud] [main] b.s.SpringBootApplicationIntegrationTest : No active profile set, falling back to 1 default profile: "default"
2025-07-11T20:14:30.562-06:00  INFO 92209 --- [Bootstrap Spring Cloud] [main] .s.d.r.c.RepositoryConfigurationDelegate : Bootstrapping Spring Data JPA repositories in DEFAULT mode.
2025-07-11T20:14:30.564-06:00  INFO 92209 --- [Bootstrap Spring Cloud] [main] .s.d.r.c.RepositoryConfigurationDelegate : Finished Spring Data repository scanning in 1 ms. Found 1 JPA repository interface.
2025-07-11T20:14:30.613-06:00  INFO 92209 --- [Bootstrap Spring Cloud] [main] o.hibernate.jpa.internal.util.LogHelper  : HHH000204: Processing PersistenceUnitInfo [name: default]
2025-07-11T20:14:30.614-06:00  INFO 92209 --- [Bootstrap Spring Cloud] [main] o.h.c.internal.RegionFactoryInitiator    : HHH000026: Second-level cache disabled
2025-07-11T20:14:30.617-06:00  INFO 92209 --- [Bootstrap Spring Cloud] [main] o.s.o.j.p.SpringPersistenceUnitInfo      : No LoadTimeWeaver setup: ignoring JPA class transformer
2025-07-11T20:14:30.617-06:00  INFO 92209 --- [Bootstrap Spring Cloud] [main] com.zaxxer.hikari.HikariDataSource       : HikariPool-5 - Starting...
2025-07-11T20:14:30.618-06:00  INFO 92209 --- [Bootstrap Spring Cloud] [main] com.zaxxer.hikari.pool.HikariPool        : HikariPool-5 - Added connection conn50: url=jdbc:h2:mem:f6f25180-9282-4660-8c45-0a1c89eddbce user=SA
2025-07-11T20:14:30.618-06:00  INFO 92209 --- [Bootstrap Spring Cloud] [main] com.zaxxer.hikari.HikariDataSource       : HikariPool-5 - Start completed.
2025-07-11T20:14:30.618-06:00  INFO 92209 --- [Bootstrap Spring Cloud] [main] org.hibernate.orm.connections.pooling    : HHH10001005: Database info:
	Database JDBC URL [Connecting through datasource 'HikariDataSource (HikariPool-5)']
	Database driver: undefined/unknown
	Database version: 2.3.232
	Autocommit mode: undefined/unknown
	Isolation level: undefined/unknown
	Minimum pool size: undefined/unknown
	Maximum pool size: undefined/unknown
2025-07-11T20:14:30.629-06:00  INFO 92209 --- [Bootstrap Spring Cloud] [main] o.h.e.t.j.p.i.JtaPlatformInitiator       : HHH000489: No JTA platform available (set 'hibernate.transaction.jta.platform' to enable JTA platform integration)
2025-07-11T20:14:30.630-06:00  INFO 92209 --- [Bootstrap Spring Cloud] [main] j.LocalContainerEntityManagerFactoryBean : Initialized JPA EntityManagerFactory for persistence unit 'default'
2025-07-11T20:14:30.689-06:00  WARN 92209 --- [Bootstrap Spring Cloud] [main] JpaBaseConfiguration$JpaWebConfiguration : spring.jpa.open-in-view is enabled by default. Therefore, database queries may be performed during view rendering. Explicitly configure spring.jpa.open-in-view to disable this warning
2025-07-11T20:14:30.852-06:00  INFO 92209 --- [Bootstrap Spring Cloud] [main] r$InitializeUserDetailsManagerConfigurer : Global AuthenticationManager configured with UserDetailsService bean with name inMemoryUserDetailsManager
2025-07-11T20:14:30.865-06:00  INFO 92209 --- [Bootstrap Spring Cloud] [main] o.s.b.a.e.web.EndpointLinksResolver      : Exposing 15 endpoints beneath base path '/actuator'
2025-07-11T20:14:30.920-06:00  INFO 92209 --- [Bootstrap Spring Cloud] [main] b.s.SpringBootApplicationIntegrationTest : Started SpringBootApplicationIntegrationTest in 0.449 seconds (process running for 6.178)
2025-07-11T20:14:30.924-06:00  INFO 92209 --- [Bootstrap Spring Cloud] [main] o.s.b.t.m.w.SpringBootMockServletContext : Initializing Spring TestDispatcherServlet ''
2025-07-11T20:14:30.924-06:00  INFO 92209 --- [Bootstrap Spring Cloud] [main] o.s.t.web.servlet.TestDispatcherServlet  : Initializing Servlet ''
2025-07-11T20:14:30.924-06:00  INFO 92209 --- [Bootstrap Spring Cloud] [main] o.s.t.web.servlet.TestDispatcherServlet  : Completed initialization in 0 ms
2025-07-11T20:14:30.929-06:00  INFO 92209 --- [Bootstrap Spring Cloud] [main] o.s.b.t.m.w.SpringBootMockServletContext : Initializing Spring TestDispatcherServlet ''
2025-07-11T20:14:30.929-06:00  INFO 92209 --- [Bootstrap Spring Cloud] [main] o.s.t.web.servlet.TestDispatcherServlet  : Initializing Servlet ''
2025-07-11T20:14:30.929-06:00  INFO 92209 --- [Bootstrap Spring Cloud] [main] o.s.t.web.servlet.TestDispatcherServlet  : Completed initialization in 0 ms
2025-07-11T20:14:30.946-06:00  INFO 92209 --- [Bootstrap Spring Cloud] [main] c.b.a.ActuatorInfoIntegrationTest        : Starting ActuatorInfoIntegrationTest using Java 17.0.15 with PID 92209 (started by josesaidolanogarcia in /Users/josesaidolanogarcia/REPOSITORIOS/Cometa/Lesson11/spring-boot-simple-lesson11)
2025-07-11T20:14:30.947-06:00  INFO 92209 --- [Bootstrap Spring Cloud] [main] c.b.a.ActuatorInfoIntegrationTest        : No active profile set, falling back to 1 default profile: "default"
2025-07-11T20:14:31.019-06:00  INFO 92209 --- [Bootstrap Spring Cloud] [main] .s.d.r.c.RepositoryConfigurationDelegate : Bootstrapping Spring Data JPA repositories in DEFAULT mode.
2025-07-11T20:14:31.020-06:00  INFO 92209 --- [Bootstrap Spring Cloud] [main] .s.d.r.c.RepositoryConfigurationDelegate : Finished Spring Data repository scanning in 0 ms. Found 0 JPA repository interfaces.
2025-07-11T20:14:31.106-06:00  INFO 92209 --- [Bootstrap Spring Cloud] [main] o.s.b.w.embedded.tomcat.TomcatWebServer  : Tomcat initialized with port 0 (http)
2025-07-11T20:14:31.112-06:00  INFO 92209 --- [Bootstrap Spring Cloud] [main] o.apache.catalina.core.StandardService   : Starting service [Tomcat]
2025-07-11T20:14:31.112-06:00  INFO 92209 --- [Bootstrap Spring Cloud] [main] o.apache.catalina.core.StandardEngine    : Starting Servlet engine: [Apache Tomcat/10.1.36]
2025-07-11T20:14:31.133-06:00  INFO 92209 --- [Bootstrap Spring Cloud] [main] o.a.c.c.C.[Tomcat].[localhost].[/]       : Initializing Spring embedded WebApplicationContext
2025-07-11T20:14:31.133-06:00  INFO 92209 --- [Bootstrap Spring Cloud] [main] w.s.c.ServletWebServerApplicationContext : Root WebApplicationContext: initialization completed in 186 ms
2025-07-11T20:14:31.189-06:00  INFO 92209 --- [Bootstrap Spring Cloud] [main] o.hibernate.jpa.internal.util.LogHelper  : HHH000204: Processing PersistenceUnitInfo [name: default]
2025-07-11T20:14:31.190-06:00  INFO 92209 --- [Bootstrap Spring Cloud] [main] o.h.c.internal.RegionFactoryInitiator    : HHH000026: Second-level cache disabled
2025-07-11T20:14:31.193-06:00  INFO 92209 --- [Bootstrap Spring Cloud] [main] o.s.o.j.p.SpringPersistenceUnitInfo      : No LoadTimeWeaver setup: ignoring JPA class transformer
2025-07-11T20:14:31.193-06:00  INFO 92209 --- [Bootstrap Spring Cloud] [main] com.zaxxer.hikari.HikariDataSource       : HikariPool-6 - Starting...
2025-07-11T20:14:31.194-06:00  INFO 92209 --- [Bootstrap Spring Cloud] [main] com.zaxxer.hikari.pool.HikariPool        : HikariPool-6 - Added connection conn60: url=jdbc:h2:mem:7458609b-7389-4798-9fc8-f085398bb314 user=SA
2025-07-11T20:14:31.194-06:00  INFO 92209 --- [Bootstrap Spring Cloud] [main] com.zaxxer.hikari.HikariDataSource       : HikariPool-6 - Start completed.
2025-07-11T20:14:31.194-06:00  INFO 92209 --- [Bootstrap Spring Cloud] [main] org.hibernate.orm.connections.pooling    : HHH10001005: Database info:
	Database JDBC URL [Connecting through datasource 'HikariDataSource (HikariPool-6)']
	Database driver: undefined/unknown
	Database version: 2.3.232
	Autocommit mode: undefined/unknown
	Isolation level: undefined/unknown
	Minimum pool size: undefined/unknown
	Maximum pool size: undefined/unknown
2025-07-11T20:14:31.199-06:00  INFO 92209 --- [Bootstrap Spring Cloud] [main] o.h.e.t.j.p.i.JtaPlatformInitiator       : HHH000489: No JTA platform available (set 'hibernate.transaction.jta.platform' to enable JTA platform integration)
2025-07-11T20:14:31.199-06:00  INFO 92209 --- [Bootstrap Spring Cloud] [main] j.LocalContainerEntityManagerFactoryBean : Initialized JPA EntityManagerFactory for persistence unit 'default'
2025-07-11T20:14:31.228-06:00  WARN 92209 --- [Bootstrap Spring Cloud] [main] JpaBaseConfiguration$JpaWebConfiguration : spring.jpa.open-in-view is enabled by default. Therefore, database queries may be performed during view rendering. Explicitly configure spring.jpa.open-in-view to disable this warning
2025-07-11T20:14:31.351-06:00  INFO 92209 --- [Bootstrap Spring Cloud] [main] r$InitializeUserDetailsManagerConfigurer : Global AuthenticationManager configured with UserDetailsService bean with name inMemoryUserDetailsManager
2025-07-11T20:14:31.366-06:00  INFO 92209 --- [Bootstrap Spring Cloud] [main] o.s.b.a.e.web.EndpointLinksResolver      : Exposing 16 endpoints beneath base path '/actuator'
2025-07-11T20:14:31.453-06:00  INFO 92209 --- [Bootstrap Spring Cloud] [main] o.s.b.w.embedded.tomcat.TomcatWebServer  : Tomcat started on port 53339 (http) with context path '/'
2025-07-11T20:14:31.456-06:00  INFO 92209 --- [Bootstrap Spring Cloud] [main] c.b.a.ActuatorInfoIntegrationTest        : Started ActuatorInfoIntegrationTest in 0.52 seconds (process running for 6.714)
2025-07-11T20:14:31.514-06:00 ERROR 92209 --- [Bootstrap Spring Cloud] [main] i.n.r.d.DnsServerAddressStreamProviders  : Unable to load io.netty.resolver.dns.macos.MacOSDnsServerAddressStreamProvider, fallback to system defaults. This may result in incorrect DNS resolutions on MacOS. Check whether you have a dependency on 'io.netty:netty-resolver-dns-native-macos'. Use DEBUG level to see the full stack: java.lang.UnsatisfiedLinkError: failed to load the required native library
2025-07-11T20:14:31.586-06:00  INFO 92209 --- [Bootstrap Spring Cloud] [http-nio-auto-1-exec-1] o.a.c.c.C.[Tomcat].[localhost].[/]       : Initializing Spring DispatcherServlet 'dispatcherServlet'
2025-07-11T20:14:31.586-06:00  INFO 92209 --- [Bootstrap Spring Cloud] [http-nio-auto-1-exec-1] o.s.web.servlet.DispatcherServlet        : Initializing Servlet 'dispatcherServlet'
2025-07-11T20:14:31.587-06:00  INFO 92209 --- [Bootstrap Spring Cloud] [http-nio-auto-1-exec-1] o.s.web.servlet.DispatcherServlet        : Completed initialization in 1 ms
2025-07-11T20:14:31.636-06:00  INFO 92209 --- [Bootstrap Spring Cloud] [SpringApplicationShutdownHook] j.LocalContainerEntityManagerFactoryBean : Closing JPA EntityManagerFactory for persistence unit 'default'
2025-07-11T20:14:31.637-06:00  INFO 92209 --- [Bootstrap Spring Cloud] [SpringApplicationShutdownHook] com.zaxxer.hikari.HikariDataSource       : HikariPool-1 - Shutdown initiated...
2025-07-11T20:14:31.638-06:00  INFO 92209 --- [Bootstrap Spring Cloud] [SpringApplicationShutdownHook] com.zaxxer.hikari.HikariDataSource       : HikariPool-1 - Shutdown completed.
2025-07-11T20:14:31.639-06:00  INFO 92209 --- [Bootstrap Spring Cloud] [SpringApplicationShutdownHook] j.LocalContainerEntityManagerFactoryBean : Closing JPA EntityManagerFactory for persistence unit 'default'
2025-07-11T20:14:31.640-06:00  INFO 92209 --- [Bootstrap Spring Cloud] [SpringApplicationShutdownHook] j.LocalContainerEntityManagerFactoryBean : Closing JPA EntityManagerFactory for persistence unit 'default'
2025-07-11T20:14:31.641-06:00  INFO 92209 --- [Bootstrap Spring Cloud] [SpringApplicationShutdownHook] com.zaxxer.hikari.HikariDataSource       : HikariPool-2 - Shutdown initiated...
2025-07-11T20:14:31.641-06:00  INFO 92209 --- [Bootstrap Spring Cloud] [SpringApplicationShutdownHook] com.zaxxer.hikari.HikariDataSource       : HikariPool-2 - Shutdown completed.
2025-07-11T20:14:31.642-06:00  INFO 92209 --- [Bootstrap Spring Cloud] [SpringApplicationShutdownHook] j.LocalContainerEntityManagerFactoryBean : Closing JPA EntityManagerFactory for persistence unit 'default'
2025-07-11T20:14:31.642-06:00  INFO 92209 --- [Bootstrap Spring Cloud] [SpringApplicationShutdownHook] com.zaxxer.hikari.HikariDataSource       : HikariPool-3 - Shutdown initiated...
2025-07-11T20:14:31.643-06:00  INFO 92209 --- [Bootstrap Spring Cloud] [SpringApplicationShutdownHook] com.zaxxer.hikari.HikariDataSource       : HikariPool-3 - Shutdown completed.
2025-07-11T20:14:31.644-06:00  INFO 92209 --- [Bootstrap Spring Cloud] [SpringApplicationShutdownHook] j.LocalContainerEntityManagerFactoryBean : Closing JPA EntityManagerFactory for persistence unit 'default'
2025-07-11T20:14:31.644-06:00  INFO 92209 --- [Bootstrap Spring Cloud] [SpringApplicationShutdownHook] com.zaxxer.hikari.HikariDataSource       : HikariPool-4 - Shutdown initiated...
2025-07-11T20:14:31.645-06:00  INFO 92209 --- [Bootstrap Spring Cloud] [SpringApplicationShutdownHook] com.zaxxer.hikari.HikariDataSource       : HikariPool-4 - Shutdown completed.
2025-07-11T20:14:31.646-06:00  INFO 92209 --- [Bootstrap Spring Cloud] [SpringApplicationShutdownHook] j.LocalContainerEntityManagerFactoryBean : Closing JPA EntityManagerFactory for persistence unit 'default'
2025-07-11T20:14:31.646-06:00  INFO 92209 --- [Bootstrap Spring Cloud] [SpringApplicationShutdownHook] com.zaxxer.hikari.HikariDataSource       : HikariPool-5 - Shutdown initiated...
2025-07-11T20:14:31.646-06:00  INFO 92209 --- [Bootstrap Spring Cloud] [SpringApplicationShutdownHook] com.zaxxer.hikari.HikariDataSource       : HikariPool-5 - Shutdown completed.
2025-07-11T20:14:31.647-06:00  INFO 92209 --- [Bootstrap Spring Cloud] [SpringApplicationShutdownHook] o.s.b.w.e.tomcat.GracefulShutdown        : Commencing graceful shutdown. Waiting for active requests to complete
2025-07-11T20:14:33.651-06:00  INFO 92209 --- [Bootstrap Spring Cloud] [tomcat-shutdown] o.s.b.w.e.tomcat.GracefulShutdown        : Graceful shutdown complete
2025-07-11T20:14:33.653-06:00  INFO 92209 --- [Bootstrap Spring Cloud] [SpringApplicationShutdownHook] j.LocalContainerEntityManagerFactoryBean : Closing JPA EntityManagerFactory for persistence unit 'default'
2025-07-11T20:14:33.653-06:00  INFO 92209 --- [Bootstrap Spring Cloud] [SpringApplicationShutdownHook] com.zaxxer.hikari.HikariDataSource       : HikariPool-6 - Shutdown initiated...
2025-07-11T20:14:33.653-06:00  INFO 92209 --- [Bootstrap Spring Cloud] [SpringApplicationShutdownHook] com.zaxxer.hikari.HikariDataSource       : HikariPool-6 - Shutdown completed.
2025-07-11T20:15:25.295-06:00  INFO 92294 --- [Bootstrap Spring Cloud] [main] c.b.a.ActuatorInfoIntegrationTest        : Starting ActuatorInfoIntegrationTest using Java 23.0.2 with PID 92294 (started by josesaidolanogarcia in /Users/josesaidolanogarcia/REPOSITORIOS/Cometa/Lesson11/spring-boot-simple-lesson11)
2025-07-11T20:15:25.296-06:00  INFO 92294 --- [Bootstrap Spring Cloud] [main] c.b.a.ActuatorInfoIntegrationTest        : No active profile set, falling back to 1 default profile: "default"
2025-07-11T20:15:25.758-06:00  INFO 92294 --- [Bootstrap Spring Cloud] [main] .s.d.r.c.RepositoryConfigurationDelegate : Bootstrapping Spring Data JPA repositories in DEFAULT mode.
2025-07-11T20:15:25.766-06:00  INFO 92294 --- [Bootstrap Spring Cloud] [main] .s.d.r.c.RepositoryConfigurationDelegate : Finished Spring Data repository scanning in 4 ms. Found 0 JPA repository interfaces.
2025-07-11T20:15:26.094-06:00  INFO 92294 --- [Bootstrap Spring Cloud] [main] o.s.b.w.embedded.tomcat.TomcatWebServer  : Tomcat initialized with port 0 (http)
2025-07-11T20:15:26.101-06:00  INFO 92294 --- [Bootstrap Spring Cloud] [main] o.apache.catalina.core.StandardService   : Starting service [Tomcat]
2025-07-11T20:15:26.101-06:00  INFO 92294 --- [Bootstrap Spring Cloud] [main] o.apache.catalina.core.StandardEngine    : Starting Servlet engine: [Apache Tomcat/10.1.36]
2025-07-11T20:15:26.121-06:00  INFO 92294 --- [Bootstrap Spring Cloud] [main] o.a.c.c.C.[Tomcat].[localhost].[/]       : Initializing Spring embedded WebApplicationContext
2025-07-11T20:15:26.121-06:00  INFO 92294 --- [Bootstrap Spring Cloud] [main] w.s.c.ServletWebServerApplicationContext : Root WebApplicationContext: initialization completed in 761 ms
2025-07-11T20:15:26.250-06:00  INFO 92294 --- [Bootstrap Spring Cloud] [main] o.hibernate.jpa.internal.util.LogHelper  : HHH000204: Processing PersistenceUnitInfo [name: default]
2025-07-11T20:15:26.271-06:00  INFO 92294 --- [Bootstrap Spring Cloud] [main] org.hibernate.Version                    : HHH000412: Hibernate ORM core version 6.6.8.Final
2025-07-11T20:15:26.283-06:00  INFO 92294 --- [Bootstrap Spring Cloud] [main] o.h.c.internal.RegionFactoryInitiator    : HHH000026: Second-level cache disabled
2025-07-11T20:15:26.387-06:00  INFO 92294 --- [Bootstrap Spring Cloud] [main] o.s.o.j.p.SpringPersistenceUnitInfo      : No LoadTimeWeaver setup: ignoring JPA class transformer
2025-07-11T20:15:26.403-06:00  INFO 92294 --- [Bootstrap Spring Cloud] [main] com.zaxxer.hikari.HikariDataSource       : HikariPool-1 - Starting...
2025-07-11T20:15:26.474-06:00  INFO 92294 --- [Bootstrap Spring Cloud] [main] com.zaxxer.hikari.pool.HikariPool        : HikariPool-1 - Added connection conn0: url=jdbc:h2:mem:3e8883bd-ca2a-4f5e-af13-443e4fdf5a3d user=SA
2025-07-11T20:15:26.474-06:00  INFO 92294 --- [Bootstrap Spring Cloud] [main] com.zaxxer.hikari.HikariDataSource       : HikariPool-1 - Start completed.
2025-07-11T20:15:26.496-06:00  INFO 92294 --- [Bootstrap Spring Cloud] [main] org.hibernate.orm.connections.pooling    : HHH10001005: Database info:
	Database JDBC URL [Connecting through datasource 'HikariDataSource (HikariPool-1)']
	Database driver: undefined/unknown
	Database version: 2.3.232
	Autocommit mode: undefined/unknown
	Isolation level: undefined/unknown
	Minimum pool size: undefined/unknown
	Maximum pool size: undefined/unknown
2025-07-11T20:15:26.602-06:00  INFO 92294 --- [Bootstrap Spring Cloud] [main] o.h.e.t.j.p.i.JtaPlatformInitiator       : HHH000489: No JTA platform available (set 'hibernate.transaction.jta.platform' to enable JTA platform integration)
2025-07-11T20:15:26.603-06:00  INFO 92294 --- [Bootstrap Spring Cloud] [main] j.LocalContainerEntityManagerFactoryBean : Initialized JPA EntityManagerFactory for persistence unit 'default'
2025-07-11T20:15:26.676-06:00  WARN 92294 --- [Bootstrap Spring Cloud] [main] JpaBaseConfiguration$JpaWebConfiguration : spring.jpa.open-in-view is enabled by default. Therefore, database queries may be performed during view rendering. Explicitly configure spring.jpa.open-in-view to disable this warning
2025-07-11T20:15:26.960-06:00  INFO 92294 --- [Bootstrap Spring Cloud] [main] r$InitializeUserDetailsManagerConfigurer : Global AuthenticationManager configured with UserDetailsService bean with name inMemoryUserDetailsManager
2025-07-11T20:15:27.003-06:00  INFO 92294 --- [Bootstrap Spring Cloud] [main] o.s.b.a.e.web.EndpointLinksResolver      : Exposing 16 endpoints beneath base path '/actuator'
2025-07-11T20:15:27.135-06:00  INFO 92294 --- [Bootstrap Spring Cloud] [main] o.s.b.w.embedded.tomcat.TomcatWebServer  : Tomcat started on port 53400 (http) with context path '/'
2025-07-11T20:15:27.142-06:00  INFO 92294 --- [Bootstrap Spring Cloud] [main] c.b.a.ActuatorInfoIntegrationTest        : Started ActuatorInfoIntegrationTest in 1.992 seconds (process running for 2.325)
2025-07-11T20:15:27.401-06:00 ERROR 92294 --- [Bootstrap Spring Cloud] [main] i.n.r.d.DnsServerAddressStreamProviders  : Unable to load io.netty.resolver.dns.macos.MacOSDnsServerAddressStreamProvider, fallback to system defaults. This may result in incorrect DNS resolutions on MacOS. Check whether you have a dependency on 'io.netty:netty-resolver-dns-native-macos'. Use DEBUG level to see the full stack: java.lang.UnsatisfiedLinkError: failed to load the required native library
2025-07-11T20:15:27.474-06:00  INFO 92294 --- [Bootstrap Spring Cloud] [http-nio-auto-1-exec-1] o.a.c.c.C.[Tomcat].[localhost].[/]       : Initializing Spring DispatcherServlet 'dispatcherServlet'
2025-07-11T20:15:27.474-06:00  INFO 92294 --- [Bootstrap Spring Cloud] [http-nio-auto-1-exec-1] o.s.web.servlet.DispatcherServlet        : Initializing Servlet 'dispatcherServlet'
2025-07-11T20:15:27.474-06:00  INFO 92294 --- [Bootstrap Spring Cloud] [http-nio-auto-1-exec-1] o.s.web.servlet.DispatcherServlet        : Completed initialization in 0 ms
2025-07-11T20:15:27.524-06:00  INFO 92294 --- [Bootstrap Spring Cloud] [SpringApplicationShutdownHook] o.s.b.w.e.tomcat.GracefulShutdown        : Commencing graceful shutdown. Waiting for active requests to complete
2025-07-11T20:15:29.533-06:00  INFO 92294 --- [Bootstrap Spring Cloud] [tomcat-shutdown] o.s.b.w.e.tomcat.GracefulShutdown        : Graceful shutdown complete
2025-07-11T20:15:29.547-06:00  INFO 92294 --- [Bootstrap Spring Cloud] [SpringApplicationShutdownHook] j.LocalContainerEntityManagerFactoryBean : Closing JPA EntityManagerFactory for persistence unit 'default'
2025-07-11T20:15:29.548-06:00  INFO 92294 --- [Bootstrap Spring Cloud] [SpringApplicationShutdownHook] com.zaxxer.hikari.HikariDataSource       : HikariPool-1 - Shutdown initiated...
2025-07-11T20:15:29.550-06:00  INFO 92294 --- [Bootstrap Spring Cloud] [SpringApplicationShutdownHook] com.zaxxer.hikari.HikariDataSource       : HikariPool-1 - Shutdown completed.
2025-07-11T20:24:43.064-06:00  INFO 93036 --- [Bootstrap Spring Cloud] [main] c.b.a.ActuatorInfoIntegrationTest        : Starting ActuatorInfoIntegrationTest using Java 23.0.2 with PID 93036 (started by josesaidolanogarcia in /Users/josesaidolanogarcia/REPOSITORIOS/Cometa/Lesson11/spring-boot-simple-lesson11)
2025-07-11T20:24:43.065-06:00  INFO 93036 --- [Bootstrap Spring Cloud] [main] c.b.a.ActuatorInfoIntegrationTest        : No active profile set, falling back to 1 default profile: "default"
2025-07-11T20:24:43.540-06:00  INFO 93036 --- [Bootstrap Spring Cloud] [main] .s.d.r.c.RepositoryConfigurationDelegate : Bootstrapping Spring Data JPA repositories in DEFAULT mode.
2025-07-11T20:24:43.549-06:00  INFO 93036 --- [Bootstrap Spring Cloud] [main] .s.d.r.c.RepositoryConfigurationDelegate : Finished Spring Data repository scanning in 4 ms. Found 0 JPA repository interfaces.
2025-07-11T20:24:43.872-06:00  INFO 93036 --- [Bootstrap Spring Cloud] [main] o.s.b.w.embedded.tomcat.TomcatWebServer  : Tomcat initialized with port 0 (http)
2025-07-11T20:24:43.878-06:00  INFO 93036 --- [Bootstrap Spring Cloud] [main] o.apache.catalina.core.StandardService   : Starting service [Tomcat]
2025-07-11T20:24:43.878-06:00  INFO 93036 --- [Bootstrap Spring Cloud] [main] o.apache.catalina.core.StandardEngine    : Starting Servlet engine: [Apache Tomcat/10.1.36]
2025-07-11T20:24:43.899-06:00  INFO 93036 --- [Bootstrap Spring Cloud] [main] o.a.c.c.C.[Tomcat].[localhost].[/]       : Initializing Spring embedded WebApplicationContext
2025-07-11T20:24:43.899-06:00  INFO 93036 --- [Bootstrap Spring Cloud] [main] w.s.c.ServletWebServerApplicationContext : Root WebApplicationContext: initialization completed in 770 ms
2025-07-11T20:24:44.026-06:00  INFO 93036 --- [Bootstrap Spring Cloud] [main] o.hibernate.jpa.internal.util.LogHelper  : HHH000204: Processing PersistenceUnitInfo [name: default]
2025-07-11T20:24:44.055-06:00  INFO 93036 --- [Bootstrap Spring Cloud] [main] org.hibernate.Version                    : HHH000412: Hibernate ORM core version 6.6.8.Final
2025-07-11T20:24:44.070-06:00  INFO 93036 --- [Bootstrap Spring Cloud] [main] o.h.c.internal.RegionFactoryInitiator    : HHH000026: Second-level cache disabled
2025-07-11T20:24:44.192-06:00  INFO 93036 --- [Bootstrap Spring Cloud] [main] o.s.o.j.p.SpringPersistenceUnitInfo      : No LoadTimeWeaver setup: ignoring JPA class transformer
2025-07-11T20:24:44.206-06:00  INFO 93036 --- [Bootstrap Spring Cloud] [main] com.zaxxer.hikari.HikariDataSource       : HikariPool-1 - Starting...
2025-07-11T20:24:44.288-06:00  INFO 93036 --- [Bootstrap Spring Cloud] [main] com.zaxxer.hikari.pool.HikariPool        : HikariPool-1 - Added connection conn0: url=jdbc:h2:mem:564dbcda-fce2-4a22-9c9a-dbc24339ba81 user=SA
2025-07-11T20:24:44.289-06:00  INFO 93036 --- [Bootstrap Spring Cloud] [main] com.zaxxer.hikari.HikariDataSource       : HikariPool-1 - Start completed.
2025-07-11T20:24:44.316-06:00  INFO 93036 --- [Bootstrap Spring Cloud] [main] org.hibernate.orm.connections.pooling    : HHH10001005: Database info:
	Database JDBC URL [Connecting through datasource 'HikariDataSource (HikariPool-1)']
	Database driver: undefined/unknown
	Database version: 2.3.232
	Autocommit mode: undefined/unknown
	Isolation level: undefined/unknown
	Minimum pool size: undefined/unknown
	Maximum pool size: undefined/unknown
2025-07-11T20:24:44.462-06:00  INFO 93036 --- [Bootstrap Spring Cloud] [main] o.h.e.t.j.p.i.JtaPlatformInitiator       : HHH000489: No JTA platform available (set 'hibernate.transaction.jta.platform' to enable JTA platform integration)
2025-07-11T20:24:44.464-06:00  INFO 93036 --- [Bootstrap Spring Cloud] [main] j.LocalContainerEntityManagerFactoryBean : Initialized JPA EntityManagerFactory for persistence unit 'default'
2025-07-11T20:24:44.539-06:00  WARN 93036 --- [Bootstrap Spring Cloud] [main] JpaBaseConfiguration$JpaWebConfiguration : spring.jpa.open-in-view is enabled by default. Therefore, database queries may be performed during view rendering. Explicitly configure spring.jpa.open-in-view to disable this warning
2025-07-11T20:24:44.826-06:00  INFO 93036 --- [Bootstrap Spring Cloud] [main] r$InitializeUserDetailsManagerConfigurer : Global AuthenticationManager configured with UserDetailsService bean with name inMemoryUserDetailsManager
2025-07-11T20:24:44.865-06:00  INFO 93036 --- [Bootstrap Spring Cloud] [main] o.s.b.a.e.web.EndpointLinksResolver      : Exposing 16 endpoints beneath base path '/actuator'
2025-07-11T20:24:45.001-06:00  INFO 93036 --- [Bootstrap Spring Cloud] [main] o.s.b.w.embedded.tomcat.TomcatWebServer  : Tomcat started on port 53909 (http) with context path '/'
2025-07-11T20:24:45.010-06:00  INFO 93036 --- [Bootstrap Spring Cloud] [main] c.b.a.ActuatorInfoIntegrationTest        : Started ActuatorInfoIntegrationTest in 2.069 seconds (process running for 2.419)
2025-07-11T20:24:45.276-06:00 ERROR 93036 --- [Bootstrap Spring Cloud] [main] i.n.r.d.DnsServerAddressStreamProviders  : Unable to load io.netty.resolver.dns.macos.MacOSDnsServerAddressStreamProvider, fallback to system defaults. This may result in incorrect DNS resolutions on MacOS. Check whether you have a dependency on 'io.netty:netty-resolver-dns-native-macos'. Use DEBUG level to see the full stack: java.lang.UnsatisfiedLinkError: failed to load the required native library
2025-07-11T20:24:45.359-06:00  INFO 93036 --- [Bootstrap Spring Cloud] [http-nio-auto-1-exec-1] o.a.c.c.C.[Tomcat].[localhost].[/]       : Initializing Spring DispatcherServlet 'dispatcherServlet'
2025-07-11T20:24:45.359-06:00  INFO 93036 --- [Bootstrap Spring Cloud] [http-nio-auto-1-exec-1] o.s.web.servlet.DispatcherServlet        : Initializing Servlet 'dispatcherServlet'
2025-07-11T20:24:45.360-06:00  INFO 93036 --- [Bootstrap Spring Cloud] [http-nio-auto-1-exec-1] o.s.web.servlet.DispatcherServlet        : Completed initialization in 1 ms
2025-07-11T20:24:45.407-06:00  INFO 93036 --- [Bootstrap Spring Cloud] [SpringApplicationShutdownHook] o.s.b.w.e.tomcat.GracefulShutdown        : Commencing graceful shutdown. Waiting for active requests to complete
2025-07-11T20:24:47.419-06:00  INFO 93036 --- [Bootstrap Spring Cloud] [tomcat-shutdown] o.s.b.w.e.tomcat.GracefulShutdown        : Graceful shutdown complete
2025-07-11T20:24:47.434-06:00  INFO 93036 --- [Bootstrap Spring Cloud] [SpringApplicationShutdownHook] j.LocalContainerEntityManagerFactoryBean : Closing JPA EntityManagerFactory for persistence unit 'default'
2025-07-11T20:24:47.436-06:00  INFO 93036 --- [Bootstrap Spring Cloud] [SpringApplicationShutdownHook] com.zaxxer.hikari.HikariDataSource       : HikariPool-1 - Shutdown initiated...
2025-07-11T20:24:47.438-06:00  INFO 93036 --- [Bootstrap Spring Cloud] [SpringApplicationShutdownHook] com.zaxxer.hikari.HikariDataSource       : HikariPool-1 - Shutdown completed.
2025-07-11T20:25:41.153-06:00  INFO 93134 --- [Bootstrap Spring Cloud] [main] c.b.a.ActuatorInfoIntegrationTest        : Starting ActuatorInfoIntegrationTest using Java 23.0.2 with PID 93134 (started by josesaidolanogarcia in /Users/josesaidolanogarcia/REPOSITORIOS/Cometa/Lesson11/spring-boot-simple-lesson11)
2025-07-11T20:25:41.154-06:00  INFO 93134 --- [Bootstrap Spring Cloud] [main] c.b.a.ActuatorInfoIntegrationTest        : No active profile set, falling back to 1 default profile: "default"
2025-07-11T20:25:41.610-06:00  INFO 93134 --- [Bootstrap Spring Cloud] [main] .s.d.r.c.RepositoryConfigurationDelegate : Bootstrapping Spring Data JPA repositories in DEFAULT mode.
2025-07-11T20:25:41.618-06:00  INFO 93134 --- [Bootstrap Spring Cloud] [main] .s.d.r.c.RepositoryConfigurationDelegate : Finished Spring Data repository scanning in 4 ms. Found 0 JPA repository interfaces.
2025-07-11T20:25:41.946-06:00  INFO 93134 --- [Bootstrap Spring Cloud] [main] o.s.b.w.embedded.tomcat.TomcatWebServer  : Tomcat initialized with port 0 (http)
2025-07-11T20:25:41.952-06:00  INFO 93134 --- [Bootstrap Spring Cloud] [main] o.apache.catalina.core.StandardService   : Starting service [Tomcat]
2025-07-11T20:25:41.952-06:00  INFO 93134 --- [Bootstrap Spring Cloud] [main] o.apache.catalina.core.StandardEngine    : Starting Servlet engine: [Apache Tomcat/10.1.36]
2025-07-11T20:25:41.971-06:00  INFO 93134 --- [Bootstrap Spring Cloud] [main] o.a.c.c.C.[Tomcat].[localhost].[/]       : Initializing Spring embedded WebApplicationContext
2025-07-11T20:25:41.971-06:00  INFO 93134 --- [Bootstrap Spring Cloud] [main] w.s.c.ServletWebServerApplicationContext : Root WebApplicationContext: initialization completed in 745 ms
2025-07-11T20:25:42.096-06:00  INFO 93134 --- [Bootstrap Spring Cloud] [main] o.hibernate.jpa.internal.util.LogHelper  : HHH000204: Processing PersistenceUnitInfo [name: default]
2025-07-11T20:25:42.121-06:00  INFO 93134 --- [Bootstrap Spring Cloud] [main] org.hibernate.Version                    : HHH000412: Hibernate ORM core version 6.6.8.Final
2025-07-11T20:25:42.135-06:00  INFO 93134 --- [Bootstrap Spring Cloud] [main] o.h.c.internal.RegionFactoryInitiator    : HHH000026: Second-level cache disabled
2025-07-11T20:25:42.253-06:00  INFO 93134 --- [Bootstrap Spring Cloud] [main] o.s.o.j.p.SpringPersistenceUnitInfo      : No LoadTimeWeaver setup: ignoring JPA class transformer
2025-07-11T20:25:42.265-06:00  INFO 93134 --- [Bootstrap Spring Cloud] [main] com.zaxxer.hikari.HikariDataSource       : HikariPool-1 - Starting...
2025-07-11T20:25:42.341-06:00  INFO 93134 --- [Bootstrap Spring Cloud] [main] com.zaxxer.hikari.pool.HikariPool        : HikariPool-1 - Added connection conn0: url=jdbc:h2:mem:d8692448-9c1a-4624-ae4c-e745def9a7e2 user=SA
2025-07-11T20:25:42.341-06:00  INFO 93134 --- [Bootstrap Spring Cloud] [main] com.zaxxer.hikari.HikariDataSource       : HikariPool-1 - Start completed.
2025-07-11T20:25:42.367-06:00  INFO 93134 --- [Bootstrap Spring Cloud] [main] org.hibernate.orm.connections.pooling    : HHH10001005: Database info:
	Database JDBC URL [Connecting through datasource 'HikariDataSource (HikariPool-1)']
	Database driver: undefined/unknown
	Database version: 2.3.232
	Autocommit mode: undefined/unknown
	Isolation level: undefined/unknown
	Minimum pool size: undefined/unknown
	Maximum pool size: undefined/unknown
2025-07-11T20:25:42.495-06:00  INFO 93134 --- [Bootstrap Spring Cloud] [main] o.h.e.t.j.p.i.JtaPlatformInitiator       : HHH000489: No JTA platform available (set 'hibernate.transaction.jta.platform' to enable JTA platform integration)
2025-07-11T20:25:42.497-06:00  INFO 93134 --- [Bootstrap Spring Cloud] [main] j.LocalContainerEntityManagerFactoryBean : Initialized JPA EntityManagerFactory for persistence unit 'default'
2025-07-11T20:25:42.575-06:00  WARN 93134 --- [Bootstrap Spring Cloud] [main] JpaBaseConfiguration$JpaWebConfiguration : spring.jpa.open-in-view is enabled by default. Therefore, database queries may be performed during view rendering. Explicitly configure spring.jpa.open-in-view to disable this warning
2025-07-11T20:25:42.902-06:00  INFO 93134 --- [Bootstrap Spring Cloud] [main] r$InitializeUserDetailsManagerConfigurer : Global AuthenticationManager configured with UserDetailsService bean with name inMemoryUserDetailsManager
2025-07-11T20:25:42.950-06:00  INFO 93134 --- [Bootstrap Spring Cloud] [main] o.s.b.a.e.web.EndpointLinksResolver      : Exposing 16 endpoints beneath base path '/actuator'
2025-07-11T20:25:43.101-06:00  INFO 93134 --- [Bootstrap Spring Cloud] [main] o.s.b.w.embedded.tomcat.TomcatWebServer  : Tomcat started on port 53979 (http) with context path '/'
2025-07-11T20:25:43.111-06:00  INFO 93134 --- [Bootstrap Spring Cloud] [main] c.b.a.ActuatorInfoIntegrationTest        : Started ActuatorInfoIntegrationTest in 2.09 seconds (process running for 2.457)
2025-07-11T20:25:43.385-06:00 ERROR 93134 --- [Bootstrap Spring Cloud] [main] i.n.r.d.DnsServerAddressStreamProviders  : Unable to load io.netty.resolver.dns.macos.MacOSDnsServerAddressStreamProvider, fallback to system defaults. This may result in incorrect DNS resolutions on MacOS. Check whether you have a dependency on 'io.netty:netty-resolver-dns-native-macos'. Use DEBUG level to see the full stack: java.lang.UnsatisfiedLinkError: failed to load the required native library
2025-07-11T20:25:43.468-06:00  INFO 93134 --- [Bootstrap Spring Cloud] [http-nio-auto-1-exec-1] o.a.c.c.C.[Tomcat].[localhost].[/]       : Initializing Spring DispatcherServlet 'dispatcherServlet'
2025-07-11T20:25:43.468-06:00  INFO 93134 --- [Bootstrap Spring Cloud] [http-nio-auto-1-exec-1] o.s.web.servlet.DispatcherServlet        : Initializing Servlet 'dispatcherServlet'
2025-07-11T20:25:43.469-06:00  INFO 93134 --- [Bootstrap Spring Cloud] [http-nio-auto-1-exec-1] o.s.web.servlet.DispatcherServlet        : Completed initialization in 1 ms
2025-07-11T20:25:43.526-06:00  INFO 93134 --- [Bootstrap Spring Cloud] [SpringApplicationShutdownHook] o.s.b.w.e.tomcat.GracefulShutdown        : Commencing graceful shutdown. Waiting for active requests to complete
2025-07-11T20:25:45.532-06:00  INFO 93134 --- [Bootstrap Spring Cloud] [tomcat-shutdown] o.s.b.w.e.tomcat.GracefulShutdown        : Graceful shutdown complete
2025-07-11T20:25:45.541-06:00  INFO 93134 --- [Bootstrap Spring Cloud] [SpringApplicationShutdownHook] j.LocalContainerEntityManagerFactoryBean : Closing JPA EntityManagerFactory for persistence unit 'default'
2025-07-11T20:25:45.542-06:00  INFO 93134 --- [Bootstrap Spring Cloud] [SpringApplicationShutdownHook] com.zaxxer.hikari.HikariDataSource       : HikariPool-1 - Shutdown initiated...
2025-07-11T20:25:45.543-06:00  INFO 93134 --- [Bootstrap Spring Cloud] [SpringApplicationShutdownHook] com.zaxxer.hikari.HikariDataSource       : HikariPool-1 - Shutdown completed.
2025-07-11T20:26:55.861-06:00  INFO 93245 --- [Bootstrap Spring Cloud] [main] c.b.a.ActuatorInfoIntegrationTest        : Starting ActuatorInfoIntegrationTest using Java 23.0.2 with PID 93245 (started by josesaidolanogarcia in /Users/josesaidolanogarcia/REPOSITORIOS/Cometa/Lesson11/spring-boot-simple-lesson11)
2025-07-11T20:26:55.863-06:00  INFO 93245 --- [Bootstrap Spring Cloud] [main] c.b.a.ActuatorInfoIntegrationTest        : No active profile set, falling back to 1 default profile: "default"
2025-07-11T20:26:56.378-06:00  INFO 93245 --- [Bootstrap Spring Cloud] [main] .s.d.r.c.RepositoryConfigurationDelegate : Bootstrapping Spring Data JPA repositories in DEFAULT mode.
2025-07-11T20:26:56.388-06:00  INFO 93245 --- [Bootstrap Spring Cloud] [main] .s.d.r.c.RepositoryConfigurationDelegate : Finished Spring Data repository scanning in 5 ms. Found 0 JPA repository interfaces.
2025-07-11T20:26:56.714-06:00  INFO 93245 --- [Bootstrap Spring Cloud] [main] o.s.b.w.embedded.tomcat.TomcatWebServer  : Tomcat initialized with port 0 (http)
2025-07-11T20:26:56.720-06:00  INFO 93245 --- [Bootstrap Spring Cloud] [main] o.apache.catalina.core.StandardService   : Starting service [Tomcat]
2025-07-11T20:26:56.721-06:00  INFO 93245 --- [Bootstrap Spring Cloud] [main] o.apache.catalina.core.StandardEngine    : Starting Servlet engine: [Apache Tomcat/10.1.36]
2025-07-11T20:26:56.742-06:00  INFO 93245 --- [Bootstrap Spring Cloud] [main] o.a.c.c.C.[Tomcat].[localhost].[/]       : Initializing Spring embedded WebApplicationContext
2025-07-11T20:26:56.742-06:00  INFO 93245 --- [Bootstrap Spring Cloud] [main] w.s.c.ServletWebServerApplicationContext : Root WebApplicationContext: initialization completed in 800 ms
2025-07-11T20:26:56.868-06:00  INFO 93245 --- [Bootstrap Spring Cloud] [main] o.hibernate.jpa.internal.util.LogHelper  : HHH000204: Processing PersistenceUnitInfo [name: default]
2025-07-11T20:26:56.893-06:00  INFO 93245 --- [Bootstrap Spring Cloud] [main] org.hibernate.Version                    : HHH000412: Hibernate ORM core version 6.6.8.Final
2025-07-11T20:26:56.907-06:00  INFO 93245 --- [Bootstrap Spring Cloud] [main] o.h.c.internal.RegionFactoryInitiator    : HHH000026: Second-level cache disabled
2025-07-11T20:26:57.008-06:00  INFO 93245 --- [Bootstrap Spring Cloud] [main] o.s.o.j.p.SpringPersistenceUnitInfo      : No LoadTimeWeaver setup: ignoring JPA class transformer
2025-07-11T20:26:57.020-06:00  INFO 93245 --- [Bootstrap Spring Cloud] [main] com.zaxxer.hikari.HikariDataSource       : HikariPool-1 - Starting...
2025-07-11T20:26:57.097-06:00  INFO 93245 --- [Bootstrap Spring Cloud] [main] com.zaxxer.hikari.pool.HikariPool        : HikariPool-1 - Added connection conn0: url=jdbc:h2:mem:91d5ec47-45ce-4ac3-9fc8-82cd018bf521 user=SA
2025-07-11T20:26:57.098-06:00  INFO 93245 --- [Bootstrap Spring Cloud] [main] com.zaxxer.hikari.HikariDataSource       : HikariPool-1 - Start completed.
2025-07-11T20:26:57.123-06:00  INFO 93245 --- [Bootstrap Spring Cloud] [main] org.hibernate.orm.connections.pooling    : HHH10001005: Database info:
	Database JDBC URL [Connecting through datasource 'HikariDataSource (HikariPool-1)']
	Database driver: undefined/unknown
	Database version: 2.3.232
	Autocommit mode: undefined/unknown
	Isolation level: undefined/unknown
	Minimum pool size: undefined/unknown
	Maximum pool size: undefined/unknown
2025-07-11T20:26:57.258-06:00  INFO 93245 --- [Bootstrap Spring Cloud] [main] o.h.e.t.j.p.i.JtaPlatformInitiator       : HHH000489: No JTA platform available (set 'hibernate.transaction.jta.platform' to enable JTA platform integration)
2025-07-11T20:26:57.260-06:00  INFO 93245 --- [Bootstrap Spring Cloud] [main] j.LocalContainerEntityManagerFactoryBean : Initialized JPA EntityManagerFactory for persistence unit 'default'
2025-07-11T20:26:57.344-06:00  WARN 93245 --- [Bootstrap Spring Cloud] [main] JpaBaseConfiguration$JpaWebConfiguration : spring.jpa.open-in-view is enabled by default. Therefore, database queries may be performed during view rendering. Explicitly configure spring.jpa.open-in-view to disable this warning
2025-07-11T20:26:57.643-06:00  INFO 93245 --- [Bootstrap Spring Cloud] [main] r$InitializeUserDetailsManagerConfigurer : Global AuthenticationManager configured with UserDetailsService bean with name inMemoryUserDetailsManager
2025-07-11T20:26:57.683-06:00  INFO 93245 --- [Bootstrap Spring Cloud] [main] o.s.b.a.e.web.EndpointLinksResolver      : Exposing 16 endpoints beneath base path '/actuator'
2025-07-11T20:26:57.814-06:00  INFO 93245 --- [Bootstrap Spring Cloud] [main] o.s.b.w.embedded.tomcat.TomcatWebServer  : Tomcat started on port 54045 (http) with context path '/'
2025-07-11T20:26:57.823-06:00  INFO 93245 --- [Bootstrap Spring Cloud] [main] c.b.a.ActuatorInfoIntegrationTest        : Started ActuatorInfoIntegrationTest in 2.103 seconds (process running for 2.425)
2025-07-11T20:26:58.085-06:00 ERROR 93245 --- [Bootstrap Spring Cloud] [main] i.n.r.d.DnsServerAddressStreamProviders  : Unable to load io.netty.resolver.dns.macos.MacOSDnsServerAddressStreamProvider, fallback to system defaults. This may result in incorrect DNS resolutions on MacOS. Check whether you have a dependency on 'io.netty:netty-resolver-dns-native-macos'. Use DEBUG level to see the full stack: java.lang.UnsatisfiedLinkError: failed to load the required native library
2025-07-11T20:26:58.165-06:00  INFO 93245 --- [Bootstrap Spring Cloud] [http-nio-auto-1-exec-1] o.a.c.c.C.[Tomcat].[localhost].[/]       : Initializing Spring DispatcherServlet 'dispatcherServlet'
2025-07-11T20:26:58.165-06:00  INFO 93245 --- [Bootstrap Spring Cloud] [http-nio-auto-1-exec-1] o.s.web.servlet.DispatcherServlet        : Initializing Servlet 'dispatcherServlet'
2025-07-11T20:26:58.166-06:00  INFO 93245 --- [Bootstrap Spring Cloud] [http-nio-auto-1-exec-1] o.s.web.servlet.DispatcherServlet        : Completed initialization in 1 ms
2025-07-11T20:26:58.217-06:00  INFO 93245 --- [Bootstrap Spring Cloud] [SpringApplicationShutdownHook] o.s.b.w.e.tomcat.GracefulShutdown        : Commencing graceful shutdown. Waiting for active requests to complete
2025-07-11T20:27:00.225-06:00  INFO 93245 --- [Bootstrap Spring Cloud] [tomcat-shutdown] o.s.b.w.e.tomcat.GracefulShutdown        : Graceful shutdown complete
2025-07-11T20:27:00.238-06:00  INFO 93245 --- [Bootstrap Spring Cloud] [SpringApplicationShutdownHook] j.LocalContainerEntityManagerFactoryBean : Closing JPA EntityManagerFactory for persistence unit 'default'
2025-07-11T20:27:00.240-06:00  INFO 93245 --- [Bootstrap Spring Cloud] [SpringApplicationShutdownHook] com.zaxxer.hikari.HikariDataSource       : HikariPool-1 - Shutdown initiated...
2025-07-11T20:27:00.242-06:00  INFO 93245 --- [Bootstrap Spring Cloud] [SpringApplicationShutdownHook] com.zaxxer.hikari.HikariDataSource       : HikariPool-1 - Shutdown completed.
2025-07-11T20:30:24.070-06:00  INFO 93491 --- [Bootstrap Spring Cloud] [main] c.b.a.ActuatorInfoIntegrationTest        : Starting ActuatorInfoIntegrationTest using Java 23.0.2 with PID 93491 (started by josesaidolanogarcia in /Users/josesaidolanogarcia/REPOSITORIOS/Cometa/Lesson11/spring-boot-simple-lesson11)
2025-07-11T20:30:24.071-06:00  INFO 93491 --- [Bootstrap Spring Cloud] [main] c.b.a.ActuatorInfoIntegrationTest        : No active profile set, falling back to 1 default profile: "default"
2025-07-11T20:30:24.534-06:00  INFO 93491 --- [Bootstrap Spring Cloud] [main] .s.d.r.c.RepositoryConfigurationDelegate : Bootstrapping Spring Data JPA repositories in DEFAULT mode.
2025-07-11T20:30:24.542-06:00  INFO 93491 --- [Bootstrap Spring Cloud] [main] .s.d.r.c.RepositoryConfigurationDelegate : Finished Spring Data repository scanning in 4 ms. Found 0 JPA repository interfaces.
2025-07-11T20:30:24.844-06:00  INFO 93491 --- [Bootstrap Spring Cloud] [main] o.s.b.w.embedded.tomcat.TomcatWebServer  : Tomcat initialized with port 0 (http)
2025-07-11T20:30:24.849-06:00  INFO 93491 --- [Bootstrap Spring Cloud] [main] o.apache.catalina.core.StandardService   : Starting service [Tomcat]
2025-07-11T20:30:24.849-06:00  INFO 93491 --- [Bootstrap Spring Cloud] [main] o.apache.catalina.core.StandardEngine    : Starting Servlet engine: [Apache Tomcat/10.1.36]
2025-07-11T20:30:24.868-06:00  INFO 93491 --- [Bootstrap Spring Cloud] [main] o.a.c.c.C.[Tomcat].[localhost].[/]       : Initializing Spring embedded WebApplicationContext
2025-07-11T20:30:24.868-06:00  INFO 93491 --- [Bootstrap Spring Cloud] [main] w.s.c.ServletWebServerApplicationContext : Root WebApplicationContext: initialization completed in 732 ms
2025-07-11T20:30:24.984-06:00  INFO 93491 --- [Bootstrap Spring Cloud] [main] o.hibernate.jpa.internal.util.LogHelper  : HHH000204: Processing PersistenceUnitInfo [name: default]
2025-07-11T20:30:25.009-06:00  INFO 93491 --- [Bootstrap Spring Cloud] [main] org.hibernate.Version                    : HHH000412: Hibernate ORM core version 6.6.8.Final
2025-07-11T20:30:25.023-06:00  INFO 93491 --- [Bootstrap Spring Cloud] [main] o.h.c.internal.RegionFactoryInitiator    : HHH000026: Second-level cache disabled
2025-07-11T20:30:25.128-06:00  INFO 93491 --- [Bootstrap Spring Cloud] [main] o.s.o.j.p.SpringPersistenceUnitInfo      : No LoadTimeWeaver setup: ignoring JPA class transformer
2025-07-11T20:30:25.140-06:00  INFO 93491 --- [Bootstrap Spring Cloud] [main] com.zaxxer.hikari.HikariDataSource       : HikariPool-1 - Starting...
2025-07-11T20:30:25.217-06:00  INFO 93491 --- [Bootstrap Spring Cloud] [main] com.zaxxer.hikari.pool.HikariPool        : HikariPool-1 - Added connection conn0: url=jdbc:h2:mem:167af8ff-5c8f-48aa-ae31-c9e27163569c user=SA
2025-07-11T20:30:25.218-06:00  INFO 93491 --- [Bootstrap Spring Cloud] [main] com.zaxxer.hikari.HikariDataSource       : HikariPool-1 - Start completed.
2025-07-11T20:30:25.243-06:00  INFO 93491 --- [Bootstrap Spring Cloud] [main] org.hibernate.orm.connections.pooling    : HHH10001005: Database info:
	Database JDBC URL [Connecting through datasource 'HikariDataSource (HikariPool-1)']
	Database driver: undefined/unknown
	Database version: 2.3.232
	Autocommit mode: undefined/unknown
	Isolation level: undefined/unknown
	Minimum pool size: undefined/unknown
	Maximum pool size: undefined/unknown
2025-07-11T20:30:25.373-06:00  INFO 93491 --- [Bootstrap Spring Cloud] [main] o.h.e.t.j.p.i.JtaPlatformInitiator       : HHH000489: No JTA platform available (set 'hibernate.transaction.jta.platform' to enable JTA platform integration)
2025-07-11T20:30:25.375-06:00  INFO 93491 --- [Bootstrap Spring Cloud] [main] j.LocalContainerEntityManagerFactoryBean : Initialized JPA EntityManagerFactory for persistence unit 'default'
2025-07-11T20:30:25.449-06:00  WARN 93491 --- [Bootstrap Spring Cloud] [main] JpaBaseConfiguration$JpaWebConfiguration : spring.jpa.open-in-view is enabled by default. Therefore, database queries may be performed during view rendering. Explicitly configure spring.jpa.open-in-view to disable this warning
2025-07-11T20:30:25.748-06:00  INFO 93491 --- [Bootstrap Spring Cloud] [main] r$InitializeUserDetailsManagerConfigurer : Global AuthenticationManager configured with UserDetailsService bean with name inMemoryUserDetailsManager
2025-07-11T20:30:25.796-06:00  INFO 93491 --- [Bootstrap Spring Cloud] [main] o.s.b.a.e.web.EndpointLinksResolver      : Exposing 16 endpoints beneath base path '/actuator'
2025-07-11T20:30:25.938-06:00  INFO 93491 --- [Bootstrap Spring Cloud] [main] o.s.b.w.embedded.tomcat.TomcatWebServer  : Tomcat started on port 54511 (http) with context path '/'
2025-07-11T20:30:25.948-06:00  INFO 93491 --- [Bootstrap Spring Cloud] [main] c.b.a.ActuatorInfoIntegrationTest        : Started ActuatorInfoIntegrationTest in 2.003 seconds (process running for 2.305)
2025-07-11T20:30:26.210-06:00 ERROR 93491 --- [Bootstrap Spring Cloud] [main] i.n.r.d.DnsServerAddressStreamProviders  : Unable to load io.netty.resolver.dns.macos.MacOSDnsServerAddressStreamProvider, fallback to system defaults. This may result in incorrect DNS resolutions on MacOS. Check whether you have a dependency on 'io.netty:netty-resolver-dns-native-macos'. Use DEBUG level to see the full stack: java.lang.UnsatisfiedLinkError: failed to load the required native library
2025-07-11T20:30:26.285-06:00  INFO 93491 --- [Bootstrap Spring Cloud] [http-nio-auto-1-exec-1] o.a.c.c.C.[Tomcat].[localhost].[/]       : Initializing Spring DispatcherServlet 'dispatcherServlet'
2025-07-11T20:30:26.285-06:00  INFO 93491 --- [Bootstrap Spring Cloud] [http-nio-auto-1-exec-1] o.s.web.servlet.DispatcherServlet        : Initializing Servlet 'dispatcherServlet'
2025-07-11T20:30:26.286-06:00  INFO 93491 --- [Bootstrap Spring Cloud] [http-nio-auto-1-exec-1] o.s.web.servlet.DispatcherServlet        : Completed initialization in 1 ms
2025-07-11T20:30:26.325-06:00  INFO 93491 --- [Bootstrap Spring Cloud] [SpringApplicationShutdownHook] o.s.b.w.e.tomcat.GracefulShutdown        : Commencing graceful shutdown. Waiting for active requests to complete
2025-07-11T20:30:28.333-06:00  INFO 93491 --- [Bootstrap Spring Cloud] [tomcat-shutdown] o.s.b.w.e.tomcat.GracefulShutdown        : Graceful shutdown complete
2025-07-11T20:30:28.347-06:00  INFO 93491 --- [Bootstrap Spring Cloud] [SpringApplicationShutdownHook] j.LocalContainerEntityManagerFactoryBean : Closing JPA EntityManagerFactory for persistence unit 'default'
2025-07-11T20:30:28.349-06:00  INFO 93491 --- [Bootstrap Spring Cloud] [SpringApplicationShutdownHook] com.zaxxer.hikari.HikariDataSource       : HikariPool-1 - Shutdown initiated...
2025-07-11T20:30:28.350-06:00  INFO 93491 --- [Bootstrap Spring Cloud] [SpringApplicationShutdownHook] com.zaxxer.hikari.HikariDataSource       : HikariPool-1 - Shutdown completed.
2025-07-11T20:31:16.767-06:00  INFO 93586 --- [Bootstrap Spring Cloud] [main] c.b.a.ActuatorInfoIntegrationTest        : Starting ActuatorInfoIntegrationTest using Java 23.0.2 with PID 93586 (started by josesaidolanogarcia in /Users/josesaidolanogarcia/REPOSITORIOS/Cometa/Lesson11/spring-boot-simple-lesson11)
2025-07-11T20:31:16.768-06:00  INFO 93586 --- [Bootstrap Spring Cloud] [main] c.b.a.ActuatorInfoIntegrationTest        : No active profile set, falling back to 1 default profile: "default"
2025-07-11T20:31:17.222-06:00  INFO 93586 --- [Bootstrap Spring Cloud] [main] .s.d.r.c.RepositoryConfigurationDelegate : Bootstrapping Spring Data JPA repositories in DEFAULT mode.
2025-07-11T20:31:17.232-06:00  INFO 93586 --- [Bootstrap Spring Cloud] [main] .s.d.r.c.RepositoryConfigurationDelegate : Finished Spring Data repository scanning in 4 ms. Found 0 JPA repository interfaces.
2025-07-11T20:31:17.552-06:00  INFO 93586 --- [Bootstrap Spring Cloud] [main] o.s.b.w.embedded.tomcat.TomcatWebServer  : Tomcat initialized with port 0 (http)
2025-07-11T20:31:17.558-06:00  INFO 93586 --- [Bootstrap Spring Cloud] [main] o.apache.catalina.core.StandardService   : Starting service [Tomcat]
2025-07-11T20:31:17.559-06:00  INFO 93586 --- [Bootstrap Spring Cloud] [main] o.apache.catalina.core.StandardEngine    : Starting Servlet engine: [Apache Tomcat/10.1.36]
2025-07-11T20:31:17.579-06:00  INFO 93586 --- [Bootstrap Spring Cloud] [main] o.a.c.c.C.[Tomcat].[localhost].[/]       : Initializing Spring embedded WebApplicationContext
2025-07-11T20:31:17.579-06:00  INFO 93586 --- [Bootstrap Spring Cloud] [main] w.s.c.ServletWebServerApplicationContext : Root WebApplicationContext: initialization completed in 752 ms
2025-07-11T20:31:17.701-06:00  INFO 93586 --- [Bootstrap Spring Cloud] [main] o.hibernate.jpa.internal.util.LogHelper  : HHH000204: Processing PersistenceUnitInfo [name: default]
2025-07-11T20:31:17.722-06:00  INFO 93586 --- [Bootstrap Spring Cloud] [main] org.hibernate.Version                    : HHH000412: Hibernate ORM core version 6.6.8.Final
2025-07-11T20:31:17.734-06:00  INFO 93586 --- [Bootstrap Spring Cloud] [main] o.h.c.internal.RegionFactoryInitiator    : HHH000026: Second-level cache disabled
2025-07-11T20:31:17.829-06:00  INFO 93586 --- [Bootstrap Spring Cloud] [main] o.s.o.j.p.SpringPersistenceUnitInfo      : No LoadTimeWeaver setup: ignoring JPA class transformer
2025-07-11T20:31:17.840-06:00  INFO 93586 --- [Bootstrap Spring Cloud] [main] com.zaxxer.hikari.HikariDataSource       : HikariPool-1 - Starting...
2025-07-11T20:31:17.909-06:00  INFO 93586 --- [Bootstrap Spring Cloud] [main] com.zaxxer.hikari.pool.HikariPool        : HikariPool-1 - Added connection conn0: url=jdbc:h2:mem:dbb3331d-62cf-4d9a-a450-2b86462248bb user=SA
2025-07-11T20:31:17.910-06:00  INFO 93586 --- [Bootstrap Spring Cloud] [main] com.zaxxer.hikari.HikariDataSource       : HikariPool-1 - Start completed.
2025-07-11T20:31:17.933-06:00  INFO 93586 --- [Bootstrap Spring Cloud] [main] org.hibernate.orm.connections.pooling    : HHH10001005: Database info:
	Database JDBC URL [Connecting through datasource 'HikariDataSource (HikariPool-1)']
	Database driver: undefined/unknown
	Database version: 2.3.232
	Autocommit mode: undefined/unknown
	Isolation level: undefined/unknown
	Minimum pool size: undefined/unknown
	Maximum pool size: undefined/unknown
2025-07-11T20:31:18.048-06:00  INFO 93586 --- [Bootstrap Spring Cloud] [main] o.h.e.t.j.p.i.JtaPlatformInitiator       : HHH000489: No JTA platform available (set 'hibernate.transaction.jta.platform' to enable JTA platform integration)
2025-07-11T20:31:18.049-06:00  INFO 93586 --- [Bootstrap Spring Cloud] [main] j.LocalContainerEntityManagerFactoryBean : Initialized JPA EntityManagerFactory for persistence unit 'default'
2025-07-11T20:31:18.127-06:00  WARN 93586 --- [Bootstrap Spring Cloud] [main] JpaBaseConfiguration$JpaWebConfiguration : spring.jpa.open-in-view is enabled by default. Therefore, database queries may be performed during view rendering. Explicitly configure spring.jpa.open-in-view to disable this warning
2025-07-11T20:31:18.414-06:00  INFO 93586 --- [Bootstrap Spring Cloud] [main] r$InitializeUserDetailsManagerConfigurer : Global AuthenticationManager configured with UserDetailsService bean with name inMemoryUserDetailsManager
2025-07-11T20:31:18.457-06:00  INFO 93586 --- [Bootstrap Spring Cloud] [main] o.s.b.a.e.web.EndpointLinksResolver      : Exposing 16 endpoints beneath base path '/actuator'
2025-07-11T20:31:18.589-06:00  INFO 93586 --- [Bootstrap Spring Cloud] [main] o.s.b.w.embedded.tomcat.TomcatWebServer  : Tomcat started on port 54582 (http) with context path '/'
2025-07-11T20:31:18.598-06:00  INFO 93586 --- [Bootstrap Spring Cloud] [main] c.b.a.ActuatorInfoIntegrationTest        : Started ActuatorInfoIntegrationTest in 1.956 seconds (process running for 2.256)
2025-07-11T20:31:18.860-06:00 ERROR 93586 --- [Bootstrap Spring Cloud] [main] i.n.r.d.DnsServerAddressStreamProviders  : Unable to load io.netty.resolver.dns.macos.MacOSDnsServerAddressStreamProvider, fallback to system defaults. This may result in incorrect DNS resolutions on MacOS. Check whether you have a dependency on 'io.netty:netty-resolver-dns-native-macos'. Use DEBUG level to see the full stack: java.lang.UnsatisfiedLinkError: failed to load the required native library
2025-07-11T20:31:18.935-06:00  INFO 93586 --- [Bootstrap Spring Cloud] [http-nio-auto-1-exec-1] o.a.c.c.C.[Tomcat].[localhost].[/]       : Initializing Spring DispatcherServlet 'dispatcherServlet'
2025-07-11T20:31:18.935-06:00  INFO 93586 --- [Bootstrap Spring Cloud] [http-nio-auto-1-exec-1] o.s.web.servlet.DispatcherServlet        : Initializing Servlet 'dispatcherServlet'
2025-07-11T20:31:18.935-06:00  INFO 93586 --- [Bootstrap Spring Cloud] [http-nio-auto-1-exec-1] o.s.web.servlet.DispatcherServlet        : Completed initialization in 0 ms
2025-07-11T20:31:18.979-06:00  INFO 93586 --- [Bootstrap Spring Cloud] [SpringApplicationShutdownHook] o.s.b.w.e.tomcat.GracefulShutdown        : Commencing graceful shutdown. Waiting for active requests to complete
2025-07-11T20:31:20.984-06:00  INFO 93586 --- [Bootstrap Spring Cloud] [tomcat-shutdown] o.s.b.w.e.tomcat.GracefulShutdown        : Graceful shutdown complete
2025-07-11T20:31:20.992-06:00  INFO 93586 --- [Bootstrap Spring Cloud] [SpringApplicationShutdownHook] j.LocalContainerEntityManagerFactoryBean : Closing JPA EntityManagerFactory for persistence unit 'default'
2025-07-11T20:31:20.993-06:00  INFO 93586 --- [Bootstrap Spring Cloud] [SpringApplicationShutdownHook] com.zaxxer.hikari.HikariDataSource       : HikariPool-1 - Shutdown initiated...
2025-07-11T20:31:20.994-06:00  INFO 93586 --- [Bootstrap Spring Cloud] [SpringApplicationShutdownHook] com.zaxxer.hikari.HikariDataSource       : HikariPool-1 - Shutdown completed.
2025-07-11T20:35:25.683-06:00  INFO 93920 --- [Bootstrap Spring Cloud] [main] .t.EmployeeRestControllerIntegrationTest : Starting EmployeeRestControllerIntegrationTest using Java 17.0.15 with PID 93920 (started by josesaidolanogarcia in /Users/josesaidolanogarcia/REPOSITORIOS/Cometa/Lesson11/spring-boot-simple-lesson11)
2025-07-11T20:35:25.683-06:00  INFO 93920 --- [Bootstrap Spring Cloud] [main] .t.EmployeeRestControllerIntegrationTest : No active profile set, falling back to 1 default profile: "default"
2025-07-11T20:35:26.120-06:00  INFO 93920 --- [Bootstrap Spring Cloud] [main] .s.d.r.c.RepositoryConfigurationDelegate : Bootstrapping Spring Data JPA repositories in DEFAULT mode.
2025-07-11T20:35:26.166-06:00  INFO 93920 --- [Bootstrap Spring Cloud] [main] .s.d.r.c.RepositoryConfigurationDelegate : Finished Spring Data repository scanning in 42 ms. Found 1 JPA repository interface.
2025-07-11T20:35:26.397-06:00  INFO 93920 --- [Bootstrap Spring Cloud] [main] o.hibernate.jpa.internal.util.LogHelper  : HHH000204: Processing PersistenceUnitInfo [name: default]
2025-07-11T20:35:26.423-06:00  INFO 93920 --- [Bootstrap Spring Cloud] [main] org.hibernate.Version                    : HHH000412: Hibernate ORM core version 6.6.8.Final
2025-07-11T20:35:26.441-06:00  INFO 93920 --- [Bootstrap Spring Cloud] [main] o.h.c.internal.RegionFactoryInitiator    : HHH000026: Second-level cache disabled
2025-07-11T20:35:26.527-06:00  INFO 93920 --- [Bootstrap Spring Cloud] [main] o.s.o.j.p.SpringPersistenceUnitInfo      : No LoadTimeWeaver setup: ignoring JPA class transformer
2025-07-11T20:35:26.537-06:00  INFO 93920 --- [Bootstrap Spring Cloud] [main] com.zaxxer.hikari.HikariDataSource       : HikariPool-1 - Starting...
2025-07-11T20:35:26.595-06:00  INFO 93920 --- [Bootstrap Spring Cloud] [main] com.zaxxer.hikari.pool.HikariPool        : HikariPool-1 - Added connection conn0: url=jdbc:h2:mem:test user=SA
2025-07-11T20:35:26.596-06:00  INFO 93920 --- [Bootstrap Spring Cloud] [main] com.zaxxer.hikari.HikariDataSource       : HikariPool-1 - Start completed.
2025-07-11T20:35:26.606-06:00  WARN 93920 --- [Bootstrap Spring Cloud] [main] org.hibernate.orm.deprecation            : HHH90000025: H2Dialect does not need to be specified explicitly using 'hibernate.dialect' (remove the property setting and it will be selected by default)
2025-07-11T20:35:26.613-06:00  INFO 93920 --- [Bootstrap Spring Cloud] [main] org.hibernate.orm.connections.pooling    : HHH10001005: Database info:
	Database JDBC URL [Connecting through datasource 'HikariDataSource (HikariPool-1)']
	Database driver: undefined/unknown
	Database version: 2.3.232
	Autocommit mode: undefined/unknown
	Isolation level: undefined/unknown
	Minimum pool size: undefined/unknown
	Maximum pool size: undefined/unknown
2025-07-11T20:35:26.893-06:00  INFO 93920 --- [Bootstrap Spring Cloud] [main] o.h.e.t.j.p.i.JtaPlatformInitiator       : HHH000489: No JTA platform available (set 'hibernate.transaction.jta.platform' to enable JTA platform integration)
2025-07-11T20:35:26.903-06:00  INFO 93920 --- [Bootstrap Spring Cloud] [main] j.LocalContainerEntityManagerFactoryBean : Initialized JPA EntityManagerFactory for persistence unit 'default'
2025-07-11T20:35:27.059-06:00  WARN 93920 --- [Bootstrap Spring Cloud] [main] JpaBaseConfiguration$JpaWebConfiguration : spring.jpa.open-in-view is enabled by default. Therefore, database queries may be performed during view rendering. Explicitly configure spring.jpa.open-in-view to disable this warning
2025-07-11T20:35:27.087-06:00  INFO 93920 --- [Bootstrap Spring Cloud] [main] r$InitializeUserDetailsManagerConfigurer : Global AuthenticationManager configured with UserDetailsService bean with name inMemoryUserDetailsManager
2025-07-11T20:35:27.485-06:00  INFO 93920 --- [Bootstrap Spring Cloud] [main] o.s.b.a.e.web.EndpointLinksResolver      : Exposing 15 endpoints beneath base path '/actuator'
2025-07-11T20:35:27.515-06:00  INFO 93920 --- [Bootstrap Spring Cloud] [main] o.s.b.t.m.w.SpringBootMockServletContext : Initializing Spring TestDispatcherServlet ''
2025-07-11T20:35:27.515-06:00  INFO 93920 --- [Bootstrap Spring Cloud] [main] o.s.t.web.servlet.TestDispatcherServlet  : Initializing Servlet ''
2025-07-11T20:35:27.515-06:00  INFO 93920 --- [Bootstrap Spring Cloud] [main] o.s.t.web.servlet.TestDispatcherServlet  : Completed initialization in 0 ms
2025-07-11T20:35:27.587-06:00  INFO 93920 --- [Bootstrap Spring Cloud] [main] .t.EmployeeRestControllerIntegrationTest : Started EmployeeRestControllerIntegrationTest in 2.013 seconds (process running for 2.417)
2025-07-11T20:35:28.001-06:00  INFO 93920 --- [Bootstrap Spring Cloud] [main] t.c.s.AnnotationConfigContextLoaderUtils : Could not detect default configuration classes for test class [com.baeldung.boot.testing.EmployeeRepositoryIntegrationTest]: EmployeeRepositoryIntegrationTest does not declare any static, non-private, non-final, nested classes annotated with @Configuration.
2025-07-11T20:35:28.006-06:00  INFO 93920 --- [Bootstrap Spring Cloud] [main] .b.t.c.SpringBootTestContextBootstrapper : Found @SpringBootConfiguration com.baeldung.boot.testing.Application for test class com.baeldung.boot.testing.EmployeeRepositoryIntegrationTest
2025-07-11T20:35:28.015-06:00  INFO 93920 --- [Bootstrap Spring Cloud] [main] .b.b.t.EmployeeRepositoryIntegrationTest : Starting EmployeeRepositoryIntegrationTest using Java 17.0.15 with PID 93920 (started by josesaidolanogarcia in /Users/josesaidolanogarcia/REPOSITORIOS/Cometa/Lesson11/spring-boot-simple-lesson11)
2025-07-11T20:35:28.015-06:00  INFO 93920 --- [Bootstrap Spring Cloud] [main] .b.b.t.EmployeeRepositoryIntegrationTest : No active profile set, falling back to 1 default profile: "default"
2025-07-11T20:35:28.041-06:00  INFO 93920 --- [Bootstrap Spring Cloud] [main] .s.d.r.c.RepositoryConfigurationDelegate : Bootstrapping Spring Data JPA repositories in DEFAULT mode.
2025-07-11T20:35:28.046-06:00  INFO 93920 --- [Bootstrap Spring Cloud] [main] .s.d.r.c.RepositoryConfigurationDelegate : Finished Spring Data repository scanning in 5 ms. Found 1 JPA repository interface.
2025-07-11T20:35:28.051-06:00  INFO 93920 --- [Bootstrap Spring Cloud] [main] beddedDataSourceBeanFactoryPostProcessor : Replacing 'dataSource' DataSource bean with embedded version
2025-07-11T20:35:28.059-06:00  INFO 93920 --- [Bootstrap Spring Cloud] [main] o.s.j.d.e.EmbeddedDatabaseFactory        : Starting embedded database: url='jdbc:h2:mem:3b233e4f-f90c-4510-adfc-59064418c96d;DB_CLOSE_DELAY=-1;DB_CLOSE_ON_EXIT=false', username='sa'
2025-07-11T20:35:28.067-06:00  INFO 93920 --- [Bootstrap Spring Cloud] [main] o.hibernate.jpa.internal.util.LogHelper  : HHH000204: Processing PersistenceUnitInfo [name: default]
2025-07-11T20:35:28.068-06:00  INFO 93920 --- [Bootstrap Spring Cloud] [main] o.h.c.internal.RegionFactoryInitiator    : HHH000026: Second-level cache disabled
2025-07-11T20:35:28.073-06:00  INFO 93920 --- [Bootstrap Spring Cloud] [main] o.s.o.j.p.SpringPersistenceUnitInfo      : No LoadTimeWeaver setup: ignoring JPA class transformer
2025-07-11T20:35:28.081-06:00  INFO 93920 --- [Bootstrap Spring Cloud] [main] org.hibernate.orm.connections.pooling    : HHH10001005: Database info:
	Database JDBC URL [Connecting through datasource 'org.springframework.jdbc.datasource.embedded.EmbeddedDatabaseFactory$EmbeddedDataSourceProxy@64aa7a33']
	Database driver: undefined/unknown
	Database version: 2.3.232
	Autocommit mode: undefined/unknown
	Isolation level: undefined/unknown
	Minimum pool size: undefined/unknown
	Maximum pool size: undefined/unknown
2025-07-11T20:35:28.097-06:00  INFO 93920 --- [Bootstrap Spring Cloud] [main] o.h.e.t.j.p.i.JtaPlatformInitiator       : HHH000489: No JTA platform available (set 'hibernate.transaction.jta.platform' to enable JTA platform integration)
2025-07-11T20:35:28.098-06:00  INFO 93920 --- [Bootstrap Spring Cloud] [main] j.LocalContainerEntityManagerFactoryBean : Initialized JPA EntityManagerFactory for persistence unit 'default'
2025-07-11T20:35:28.113-06:00  INFO 93920 --- [Bootstrap Spring Cloud] [main] .b.b.t.EmployeeRepositoryIntegrationTest : Started EmployeeRepositoryIntegrationTest in 0.106 seconds (process running for 2.943)
2025-07-11T20:35:28.144-06:00  INFO 93920 --- [Bootstrap Spring Cloud] [main] t.c.s.AnnotationConfigContextLoaderUtils : Could not detect default configuration classes for test class [com.baeldung.boot.testing.EmployeeControllerIntegrationTest]: EmployeeControllerIntegrationTest does not declare any static, non-private, non-final, nested classes annotated with @Configuration.
2025-07-11T20:35:28.147-06:00  INFO 93920 --- [Bootstrap Spring Cloud] [main] .b.t.c.SpringBootTestContextBootstrapper : Found @SpringBootConfiguration com.baeldung.boot.testing.Application for test class com.baeldung.boot.testing.EmployeeControllerIntegrationTest
2025-07-11T20:35:28.154-06:00  INFO 93920 --- [Bootstrap Spring Cloud] [main] .b.b.t.EmployeeControllerIntegrationTest : Starting EmployeeControllerIntegrationTest using Java 17.0.15 with PID 93920 (started by josesaidolanogarcia in /Users/josesaidolanogarcia/REPOSITORIOS/Cometa/Lesson11/spring-boot-simple-lesson11)
2025-07-11T20:35:28.155-06:00  INFO 93920 --- [Bootstrap Spring Cloud] [main] .b.b.t.EmployeeControllerIntegrationTest : No active profile set, falling back to 1 default profile: "default"
2025-07-11T20:35:28.336-06:00  INFO 93920 --- [Bootstrap Spring Cloud] [main] o.s.b.t.m.w.SpringBootMockServletContext : Initializing Spring TestDispatcherServlet ''
2025-07-11T20:35:28.336-06:00  INFO 93920 --- [Bootstrap Spring Cloud] [main] o.s.t.web.servlet.TestDispatcherServlet  : Initializing Servlet ''
2025-07-11T20:35:28.336-06:00  INFO 93920 --- [Bootstrap Spring Cloud] [main] o.s.t.web.servlet.TestDispatcherServlet  : Completed initialization in 0 ms
2025-07-11T20:35:28.345-06:00  INFO 93920 --- [Bootstrap Spring Cloud] [main] .b.b.t.EmployeeControllerIntegrationTest : Started EmployeeControllerIntegrationTest in 0.197 seconds (process running for 3.175)
2025-07-11T20:35:28.502-06:00  INFO 93920 --- [Bootstrap Spring Cloud] [main] c.baeldung.bootstrap.SpringContextTest   : Starting SpringContextTest using Java 17.0.15 with PID 93920 (started by josesaidolanogarcia in /Users/josesaidolanogarcia/REPOSITORIOS/Cometa/Lesson11/spring-boot-simple-lesson11)
2025-07-11T20:35:28.502-06:00  INFO 93920 --- [Bootstrap Spring Cloud] [main] c.baeldung.bootstrap.SpringContextTest   : No active profile set, falling back to 1 default profile: "default"
2025-07-11T20:35:28.615-06:00  INFO 93920 --- [Bootstrap Spring Cloud] [main] .s.d.r.c.RepositoryConfigurationDelegate : Bootstrapping Spring Data JPA repositories in DEFAULT mode.
2025-07-11T20:35:28.619-06:00  INFO 93920 --- [Bootstrap Spring Cloud] [main] .s.d.r.c.RepositoryConfigurationDelegate : Finished Spring Data repository scanning in 2 ms. Found 1 JPA repository interface.
2025-07-11T20:35:28.761-06:00  INFO 93920 --- [Bootstrap Spring Cloud] [main] o.hibernate.jpa.internal.util.LogHelper  : HHH000204: Processing PersistenceUnitInfo [name: default]
2025-07-11T20:35:28.763-06:00  INFO 93920 --- [Bootstrap Spring Cloud] [main] o.h.c.internal.RegionFactoryInitiator    : HHH000026: Second-level cache disabled
2025-07-11T20:35:28.768-06:00  INFO 93920 --- [Bootstrap Spring Cloud] [main] o.s.o.j.p.SpringPersistenceUnitInfo      : No LoadTimeWeaver setup: ignoring JPA class transformer
2025-07-11T20:35:28.768-06:00  INFO 93920 --- [Bootstrap Spring Cloud] [main] com.zaxxer.hikari.HikariDataSource       : HikariPool-2 - Starting...
2025-07-11T20:35:28.769-06:00  INFO 93920 --- [Bootstrap Spring Cloud] [main] com.zaxxer.hikari.pool.HikariPool        : HikariPool-2 - Added connection conn20: url=jdbc:h2:mem:ef36d520-87b3-4a85-b2d0-308d51ae7d7a user=SA
2025-07-11T20:35:28.770-06:00  INFO 93920 --- [Bootstrap Spring Cloud] [main] com.zaxxer.hikari.HikariDataSource       : HikariPool-2 - Start completed.
2025-07-11T20:35:28.770-06:00  INFO 93920 --- [Bootstrap Spring Cloud] [main] org.hibernate.orm.connections.pooling    : HHH10001005: Database info:
	Database JDBC URL [Connecting through datasource 'HikariDataSource (HikariPool-2)']
	Database driver: undefined/unknown
	Database version: 2.3.232
	Autocommit mode: undefined/unknown
	Isolation level: undefined/unknown
	Minimum pool size: undefined/unknown
	Maximum pool size: undefined/unknown
2025-07-11T20:35:28.794-06:00  INFO 93920 --- [Bootstrap Spring Cloud] [main] o.h.e.t.j.p.i.JtaPlatformInitiator       : HHH000489: No JTA platform available (set 'hibernate.transaction.jta.platform' to enable JTA platform integration)
2025-07-11T20:35:28.797-06:00  INFO 93920 --- [Bootstrap Spring Cloud] [main] j.LocalContainerEntityManagerFactoryBean : Initialized JPA EntityManagerFactory for persistence unit 'default'
2025-07-11T20:35:28.855-06:00  WARN 93920 --- [Bootstrap Spring Cloud] [main] JpaBaseConfiguration$JpaWebConfiguration : spring.jpa.open-in-view is enabled by default. Therefore, database queries may be performed during view rendering. Explicitly configure spring.jpa.open-in-view to disable this warning
2025-07-11T20:35:28.875-06:00  INFO 93920 --- [Bootstrap Spring Cloud] [main] r$InitializeUserDetailsManagerConfigurer : Global AuthenticationManager configured with UserDetailsService bean with name inMemoryUserDetailsManager
2025-07-11T20:35:29.143-06:00  INFO 93920 --- [Bootstrap Spring Cloud] [main] o.s.b.a.e.web.EndpointLinksResolver      : Exposing 15 endpoints beneath base path '/actuator'
2025-07-11T20:35:29.179-06:00  INFO 93920 --- [Bootstrap Spring Cloud] [main] c.baeldung.bootstrap.SpringContextTest   : Started SpringContextTest in 0.691 seconds (process running for 4.009)
2025-07-11T20:35:29.644-06:00  INFO 93920 --- [Bootstrap Spring Cloud] [main] .b.c.PropertiesConversionIntegrationTest : Starting PropertiesConversionIntegrationTest using Java 17.0.15 with PID 93920 (started by josesaidolanogarcia in /Users/josesaidolanogarcia/REPOSITORIOS/Cometa/Lesson11/spring-boot-simple-lesson11)
2025-07-11T20:35:29.645-06:00  INFO 93920 --- [Bootstrap Spring Cloud] [main] .b.c.PropertiesConversionIntegrationTest : No active profile set, falling back to 1 default profile: "default"
2025-07-11T20:35:29.778-06:00  INFO 93920 --- [Bootstrap Spring Cloud] [main] .s.d.r.c.RepositoryConfigurationDelegate : Bootstrapping Spring Data JPA repositories in DEFAULT mode.
2025-07-11T20:35:29.780-06:00  INFO 93920 --- [Bootstrap Spring Cloud] [main] .s.d.r.c.RepositoryConfigurationDelegate : Finished Spring Data repository scanning in 1 ms. Found 0 JPA repository interfaces.
2025-07-11T20:35:29.852-06:00  INFO 93920 --- [Bootstrap Spring Cloud] [main] o.hibernate.jpa.internal.util.LogHelper  : HHH000204: Processing PersistenceUnitInfo [name: default]
2025-07-11T20:35:29.854-06:00  INFO 93920 --- [Bootstrap Spring Cloud] [main] o.h.c.internal.RegionFactoryInitiator    : HHH000026: Second-level cache disabled
2025-07-11T20:35:29.858-06:00  INFO 93920 --- [Bootstrap Spring Cloud] [main] o.s.o.j.p.SpringPersistenceUnitInfo      : No LoadTimeWeaver setup: ignoring JPA class transformer
2025-07-11T20:35:29.858-06:00  INFO 93920 --- [Bootstrap Spring Cloud] [main] com.zaxxer.hikari.HikariDataSource       : HikariPool-3 - Starting...
2025-07-11T20:35:29.860-06:00  INFO 93920 --- [Bootstrap Spring Cloud] [main] com.zaxxer.hikari.pool.HikariPool        : HikariPool-3 - Added connection conn30: url=jdbc:h2:mem:d4fc327d-ef2a-4ad0-a90d-14dd7b25d8de user=SA
2025-07-11T20:35:29.860-06:00  INFO 93920 --- [Bootstrap Spring Cloud] [main] com.zaxxer.hikari.HikariDataSource       : HikariPool-3 - Start completed.
2025-07-11T20:35:29.860-06:00  INFO 93920 --- [Bootstrap Spring Cloud] [main] org.hibernate.orm.connections.pooling    : HHH10001005: Database info:
	Database JDBC URL [Connecting through datasource 'HikariDataSource (HikariPool-3)']
	Database driver: undefined/unknown
	Database version: 2.3.232
	Autocommit mode: undefined/unknown
	Isolation level: undefined/unknown
	Minimum pool size: undefined/unknown
	Maximum pool size: undefined/unknown
2025-07-11T20:35:29.868-06:00  INFO 93920 --- [Bootstrap Spring Cloud] [main] o.h.e.t.j.p.i.JtaPlatformInitiator       : HHH000489: No JTA platform available (set 'hibernate.transaction.jta.platform' to enable JTA platform integration)
2025-07-11T20:35:29.868-06:00  INFO 93920 --- [Bootstrap Spring Cloud] [main] j.LocalContainerEntityManagerFactoryBean : Initialized JPA EntityManagerFactory for persistence unit 'default'
2025-07-11T20:35:29.962-06:00  WARN 93920 --- [Bootstrap Spring Cloud] [main] JpaBaseConfiguration$JpaWebConfiguration : spring.jpa.open-in-view is enabled by default. Therefore, database queries may be performed during view rendering. Explicitly configure spring.jpa.open-in-view to disable this warning
2025-07-11T20:35:30.151-06:00  INFO 93920 --- [Bootstrap Spring Cloud] [main] r$InitializeUserDetailsManagerConfigurer : Global AuthenticationManager configured with UserDetailsService bean with name inMemoryUserDetailsManager
2025-07-11T20:35:30.173-06:00  INFO 93920 --- [Bootstrap Spring Cloud] [main] o.s.b.a.e.web.EndpointLinksResolver      : Exposing 15 endpoints beneath base path '/actuator'
2025-07-11T20:35:30.239-06:00  INFO 93920 --- [Bootstrap Spring Cloud] [main] .b.c.PropertiesConversionIntegrationTest : Started PropertiesConversionIntegrationTest in 0.607 seconds (process running for 5.069)
2025-07-11T20:35:30.265-06:00  INFO 93920 --- [Bootstrap Spring Cloud] [main] c.b.s.SpringBootJPAIntegrationTest       : Starting SpringBootJPAIntegrationTest using Java 17.0.15 with PID 93920 (started by josesaidolanogarcia in /Users/josesaidolanogarcia/REPOSITORIOS/Cometa/Lesson11/spring-boot-simple-lesson11)
2025-07-11T20:35:30.265-06:00  INFO 93920 --- [Bootstrap Spring Cloud] [main] c.b.s.SpringBootJPAIntegrationTest       : No active profile set, falling back to 1 default profile: "default"
2025-07-11T20:35:30.365-06:00  INFO 93920 --- [Bootstrap Spring Cloud] [main] .s.d.r.c.RepositoryConfigurationDelegate : Bootstrapping Spring Data JPA repositories in DEFAULT mode.
2025-07-11T20:35:30.368-06:00  INFO 93920 --- [Bootstrap Spring Cloud] [main] .s.d.r.c.RepositoryConfigurationDelegate : Finished Spring Data repository scanning in 2 ms. Found 1 JPA repository interface.
2025-07-11T20:35:30.421-06:00  INFO 93920 --- [Bootstrap Spring Cloud] [main] o.hibernate.jpa.internal.util.LogHelper  : HHH000204: Processing PersistenceUnitInfo [name: default]
2025-07-11T20:35:30.422-06:00  INFO 93920 --- [Bootstrap Spring Cloud] [main] o.h.c.internal.RegionFactoryInitiator    : HHH000026: Second-level cache disabled
2025-07-11T20:35:30.425-06:00  INFO 93920 --- [Bootstrap Spring Cloud] [main] o.s.o.j.p.SpringPersistenceUnitInfo      : No LoadTimeWeaver setup: ignoring JPA class transformer
2025-07-11T20:35:30.426-06:00  INFO 93920 --- [Bootstrap Spring Cloud] [main] com.zaxxer.hikari.HikariDataSource       : HikariPool-4 - Starting...
2025-07-11T20:35:30.427-06:00  INFO 93920 --- [Bootstrap Spring Cloud] [main] com.zaxxer.hikari.pool.HikariPool        : HikariPool-4 - Added connection conn40: url=jdbc:h2:mem:94c29e11-9ef3-4d04-8ed6-f217a37572a8 user=SA
2025-07-11T20:35:30.427-06:00  INFO 93920 --- [Bootstrap Spring Cloud] [main] com.zaxxer.hikari.HikariDataSource       : HikariPool-4 - Start completed.
2025-07-11T20:35:30.427-06:00  INFO 93920 --- [Bootstrap Spring Cloud] [main] org.hibernate.orm.connections.pooling    : HHH10001005: Database info:
	Database JDBC URL [Connecting through datasource 'HikariDataSource (HikariPool-4)']
	Database driver: undefined/unknown
	Database version: 2.3.232
	Autocommit mode: undefined/unknown
	Isolation level: undefined/unknown
	Minimum pool size: undefined/unknown
	Maximum pool size: undefined/unknown
2025-07-11T20:35:30.441-06:00  INFO 93920 --- [Bootstrap Spring Cloud] [main] o.h.e.t.j.p.i.JtaPlatformInitiator       : HHH000489: No JTA platform available (set 'hibernate.transaction.jta.platform' to enable JTA platform integration)
2025-07-11T20:35:30.443-06:00  INFO 93920 --- [Bootstrap Spring Cloud] [main] j.LocalContainerEntityManagerFactoryBean : Initialized JPA EntityManagerFactory for persistence unit 'default'
2025-07-11T20:35:30.506-06:00  WARN 93920 --- [Bootstrap Spring Cloud] [main] JpaBaseConfiguration$JpaWebConfiguration : spring.jpa.open-in-view is enabled by default. Therefore, database queries may be performed during view rendering. Explicitly configure spring.jpa.open-in-view to disable this warning
2025-07-11T20:35:30.658-06:00  INFO 93920 --- [Bootstrap Spring Cloud] [main] r$InitializeUserDetailsManagerConfigurer : Global AuthenticationManager configured with UserDetailsService bean with name inMemoryUserDetailsManager
2025-07-11T20:35:30.672-06:00  INFO 93920 --- [Bootstrap Spring Cloud] [main] o.s.b.a.e.web.EndpointLinksResolver      : Exposing 15 endpoints beneath base path '/actuator'
2025-07-11T20:35:30.727-06:00  INFO 93920 --- [Bootstrap Spring Cloud] [main] c.b.s.SpringBootJPAIntegrationTest       : Started SpringBootJPAIntegrationTest in 0.47 seconds (process running for 5.557)
2025-07-11T20:35:30.745-06:00  INFO 93920 --- [Bootstrap Spring Cloud] [main] b.s.SpringBootApplicationIntegrationTest : Starting SpringBootApplicationIntegrationTest using Java 17.0.15 with PID 93920 (started by josesaidolanogarcia in /Users/josesaidolanogarcia/REPOSITORIOS/Cometa/Lesson11/spring-boot-simple-lesson11)
2025-07-11T20:35:30.745-06:00  INFO 93920 --- [Bootstrap Spring Cloud] [main] b.s.SpringBootApplicationIntegrationTest : No active profile set, falling back to 1 default profile: "default"
2025-07-11T20:35:30.818-06:00  INFO 93920 --- [Bootstrap Spring Cloud] [main] .s.d.r.c.RepositoryConfigurationDelegate : Bootstrapping Spring Data JPA repositories in DEFAULT mode.
2025-07-11T20:35:30.821-06:00  INFO 93920 --- [Bootstrap Spring Cloud] [main] .s.d.r.c.RepositoryConfigurationDelegate : Finished Spring Data repository scanning in 1 ms. Found 1 JPA repository interface.
2025-07-11T20:35:30.863-06:00  INFO 93920 --- [Bootstrap Spring Cloud] [main] o.hibernate.jpa.internal.util.LogHelper  : HHH000204: Processing PersistenceUnitInfo [name: default]
2025-07-11T20:35:30.864-06:00  INFO 93920 --- [Bootstrap Spring Cloud] [main] o.h.c.internal.RegionFactoryInitiator    : HHH000026: Second-level cache disabled
2025-07-11T20:35:30.866-06:00  INFO 93920 --- [Bootstrap Spring Cloud] [main] o.s.o.j.p.SpringPersistenceUnitInfo      : No LoadTimeWeaver setup: ignoring JPA class transformer
2025-07-11T20:35:30.867-06:00  INFO 93920 --- [Bootstrap Spring Cloud] [main] com.zaxxer.hikari.HikariDataSource       : HikariPool-5 - Starting...
2025-07-11T20:35:30.868-06:00  INFO 93920 --- [Bootstrap Spring Cloud] [main] com.zaxxer.hikari.pool.HikariPool        : HikariPool-5 - Added connection conn50: url=jdbc:h2:mem:cf61f87b-5c0a-4bfe-b0ff-0b795a46007f user=SA
2025-07-11T20:35:30.868-06:00  INFO 93920 --- [Bootstrap Spring Cloud] [main] com.zaxxer.hikari.HikariDataSource       : HikariPool-5 - Start completed.
2025-07-11T20:35:30.868-06:00  INFO 93920 --- [Bootstrap Spring Cloud] [main] org.hibernate.orm.connections.pooling    : HHH10001005: Database info:
	Database JDBC URL [Connecting through datasource 'HikariDataSource (HikariPool-5)']
	Database driver: undefined/unknown
	Database version: 2.3.232
	Autocommit mode: undefined/unknown
	Isolation level: undefined/unknown
	Minimum pool size: undefined/unknown
	Maximum pool size: undefined/unknown
2025-07-11T20:35:30.880-06:00  INFO 93920 --- [Bootstrap Spring Cloud] [main] o.h.e.t.j.p.i.JtaPlatformInitiator       : HHH000489: No JTA platform available (set 'hibernate.transaction.jta.platform' to enable JTA platform integration)
2025-07-11T20:35:30.881-06:00  INFO 93920 --- [Bootstrap Spring Cloud] [main] j.LocalContainerEntityManagerFactoryBean : Initialized JPA EntityManagerFactory for persistence unit 'default'
2025-07-11T20:35:30.924-06:00  WARN 93920 --- [Bootstrap Spring Cloud] [main] JpaBaseConfiguration$JpaWebConfiguration : spring.jpa.open-in-view is enabled by default. Therefore, database queries may be performed during view rendering. Explicitly configure spring.jpa.open-in-view to disable this warning
2025-07-11T20:35:31.062-06:00  INFO 93920 --- [Bootstrap Spring Cloud] [main] r$InitializeUserDetailsManagerConfigurer : Global AuthenticationManager configured with UserDetailsService bean with name inMemoryUserDetailsManager
2025-07-11T20:35:31.077-06:00  INFO 93920 --- [Bootstrap Spring Cloud] [main] o.s.b.a.e.web.EndpointLinksResolver      : Exposing 15 endpoints beneath base path '/actuator'
2025-07-11T20:35:31.140-06:00  INFO 93920 --- [Bootstrap Spring Cloud] [main] b.s.SpringBootApplicationIntegrationTest : Started SpringBootApplicationIntegrationTest in 0.401 seconds (process running for 5.97)
2025-07-11T20:35:31.144-06:00  INFO 93920 --- [Bootstrap Spring Cloud] [main] o.s.b.t.m.w.SpringBootMockServletContext : Initializing Spring TestDispatcherServlet ''
2025-07-11T20:35:31.144-06:00  INFO 93920 --- [Bootstrap Spring Cloud] [main] o.s.t.web.servlet.TestDispatcherServlet  : Initializing Servlet ''
2025-07-11T20:35:31.145-06:00  INFO 93920 --- [Bootstrap Spring Cloud] [main] o.s.t.web.servlet.TestDispatcherServlet  : Completed initialization in 1 ms
2025-07-11T20:35:31.149-06:00  INFO 93920 --- [Bootstrap Spring Cloud] [main] o.s.b.t.m.w.SpringBootMockServletContext : Initializing Spring TestDispatcherServlet ''
2025-07-11T20:35:31.149-06:00  INFO 93920 --- [Bootstrap Spring Cloud] [main] o.s.t.web.servlet.TestDispatcherServlet  : Initializing Servlet ''
2025-07-11T20:35:31.150-06:00  INFO 93920 --- [Bootstrap Spring Cloud] [main] o.s.t.web.servlet.TestDispatcherServlet  : Completed initialization in 1 ms
2025-07-11T20:35:31.165-06:00  INFO 93920 --- [Bootstrap Spring Cloud] [main] c.b.a.ActuatorInfoIntegrationTest        : Starting ActuatorInfoIntegrationTest using Java 17.0.15 with PID 93920 (started by josesaidolanogarcia in /Users/josesaidolanogarcia/REPOSITORIOS/Cometa/Lesson11/spring-boot-simple-lesson11)
2025-07-11T20:35:31.165-06:00  INFO 93920 --- [Bootstrap Spring Cloud] [main] c.b.a.ActuatorInfoIntegrationTest        : No active profile set, falling back to 1 default profile: "default"
2025-07-11T20:35:31.246-06:00  INFO 93920 --- [Bootstrap Spring Cloud] [main] .s.d.r.c.RepositoryConfigurationDelegate : Bootstrapping Spring Data JPA repositories in DEFAULT mode.
2025-07-11T20:35:31.247-06:00  INFO 93920 --- [Bootstrap Spring Cloud] [main] .s.d.r.c.RepositoryConfigurationDelegate : Finished Spring Data repository scanning in 0 ms. Found 0 JPA repository interfaces.
2025-07-11T20:35:31.333-06:00  INFO 93920 --- [Bootstrap Spring Cloud] [main] o.s.b.w.embedded.tomcat.TomcatWebServer  : Tomcat initialized with port 0 (http)
2025-07-11T20:35:31.338-06:00  INFO 93920 --- [Bootstrap Spring Cloud] [main] o.apache.catalina.core.StandardService   : Starting service [Tomcat]
2025-07-11T20:35:31.338-06:00  INFO 93920 --- [Bootstrap Spring Cloud] [main] o.apache.catalina.core.StandardEngine    : Starting Servlet engine: [Apache Tomcat/10.1.36]
2025-07-11T20:35:31.359-06:00  INFO 93920 --- [Bootstrap Spring Cloud] [main] o.a.c.c.C.[Tomcat].[localhost].[/]       : Initializing Spring embedded WebApplicationContext
2025-07-11T20:35:31.359-06:00  INFO 93920 --- [Bootstrap Spring Cloud] [main] w.s.c.ServletWebServerApplicationContext : Root WebApplicationContext: initialization completed in 193 ms
2025-07-11T20:35:31.413-06:00  INFO 93920 --- [Bootstrap Spring Cloud] [main] o.hibernate.jpa.internal.util.LogHelper  : HHH000204: Processing PersistenceUnitInfo [name: default]
2025-07-11T20:35:31.414-06:00  INFO 93920 --- [Bootstrap Spring Cloud] [main] o.h.c.internal.RegionFactoryInitiator    : HHH000026: Second-level cache disabled
2025-07-11T20:35:31.417-06:00  INFO 93920 --- [Bootstrap Spring Cloud] [main] o.s.o.j.p.SpringPersistenceUnitInfo      : No LoadTimeWeaver setup: ignoring JPA class transformer
2025-07-11T20:35:31.417-06:00  INFO 93920 --- [Bootstrap Spring Cloud] [main] com.zaxxer.hikari.HikariDataSource       : HikariPool-6 - Starting...
2025-07-11T20:35:31.418-06:00  INFO 93920 --- [Bootstrap Spring Cloud] [main] com.zaxxer.hikari.pool.HikariPool        : HikariPool-6 - Added connection conn60: url=jdbc:h2:mem:22a73805-dffc-47d7-8cb2-b457ccf5a6e6 user=SA
2025-07-11T20:35:31.418-06:00  INFO 93920 --- [Bootstrap Spring Cloud] [main] com.zaxxer.hikari.HikariDataSource       : HikariPool-6 - Start completed.
2025-07-11T20:35:31.418-06:00  INFO 93920 --- [Bootstrap Spring Cloud] [main] org.hibernate.orm.connections.pooling    : HHH10001005: Database info:
	Database JDBC URL [Connecting through datasource 'HikariDataSource (HikariPool-6)']
	Database driver: undefined/unknown
	Database version: 2.3.232
	Autocommit mode: undefined/unknown
	Isolation level: undefined/unknown
	Minimum pool size: undefined/unknown
	Maximum pool size: undefined/unknown
2025-07-11T20:35:31.424-06:00  INFO 93920 --- [Bootstrap Spring Cloud] [main] o.h.e.t.j.p.i.JtaPlatformInitiator       : HHH000489: No JTA platform available (set 'hibernate.transaction.jta.platform' to enable JTA platform integration)
2025-07-11T20:35:31.424-06:00  INFO 93920 --- [Bootstrap Spring Cloud] [main] j.LocalContainerEntityManagerFactoryBean : Initialized JPA EntityManagerFactory for persistence unit 'default'
2025-07-11T20:35:31.449-06:00  WARN 93920 --- [Bootstrap Spring Cloud] [main] JpaBaseConfiguration$JpaWebConfiguration : spring.jpa.open-in-view is enabled by default. Therefore, database queries may be performed during view rendering. Explicitly configure spring.jpa.open-in-view to disable this warning
2025-07-11T20:35:31.565-06:00  INFO 93920 --- [Bootstrap Spring Cloud] [main] r$InitializeUserDetailsManagerConfigurer : Global AuthenticationManager configured with UserDetailsService bean with name inMemoryUserDetailsManager
2025-07-11T20:35:31.576-06:00  INFO 93920 --- [Bootstrap Spring Cloud] [main] o.s.b.a.e.web.EndpointLinksResolver      : Exposing 16 endpoints beneath base path '/actuator'
2025-07-11T20:35:31.661-06:00  INFO 93920 --- [Bootstrap Spring Cloud] [main] o.s.b.w.embedded.tomcat.TomcatWebServer  : Tomcat started on port 54837 (http) with context path '/'
2025-07-11T20:35:31.664-06:00  INFO 93920 --- [Bootstrap Spring Cloud] [main] c.b.a.ActuatorInfoIntegrationTest        : Started ActuatorInfoIntegrationTest in 0.506 seconds (process running for 6.494)
2025-07-11T20:35:31.723-06:00 ERROR 93920 --- [Bootstrap Spring Cloud] [main] i.n.r.d.DnsServerAddressStreamProviders  : Unable to load io.netty.resolver.dns.macos.MacOSDnsServerAddressStreamProvider, fallback to system defaults. This may result in incorrect DNS resolutions on MacOS. Check whether you have a dependency on 'io.netty:netty-resolver-dns-native-macos'. Use DEBUG level to see the full stack: java.lang.UnsatisfiedLinkError: failed to load the required native library
2025-07-11T20:35:31.804-06:00  INFO 93920 --- [Bootstrap Spring Cloud] [http-nio-auto-1-exec-1] o.a.c.c.C.[Tomcat].[localhost].[/]       : Initializing Spring DispatcherServlet 'dispatcherServlet'
2025-07-11T20:35:31.805-06:00  INFO 93920 --- [Bootstrap Spring Cloud] [http-nio-auto-1-exec-1] o.s.web.servlet.DispatcherServlet        : Initializing Servlet 'dispatcherServlet'
2025-07-11T20:35:31.805-06:00  INFO 93920 --- [Bootstrap Spring Cloud] [http-nio-auto-1-exec-1] o.s.web.servlet.DispatcherServlet        : Completed initialization in 0 ms
2025-07-11T20:35:31.856-06:00  INFO 93920 --- [Bootstrap Spring Cloud] [SpringApplicationShutdownHook] j.LocalContainerEntityManagerFactoryBean : Closing JPA EntityManagerFactory for persistence unit 'default'
2025-07-11T20:35:31.857-06:00  INFO 93920 --- [Bootstrap Spring Cloud] [SpringApplicationShutdownHook] com.zaxxer.hikari.HikariDataSource       : HikariPool-1 - Shutdown initiated...
2025-07-11T20:35:31.858-06:00  INFO 93920 --- [Bootstrap Spring Cloud] [SpringApplicationShutdownHook] com.zaxxer.hikari.HikariDataSource       : HikariPool-1 - Shutdown completed.
2025-07-11T20:35:31.859-06:00  INFO 93920 --- [Bootstrap Spring Cloud] [SpringApplicationShutdownHook] j.LocalContainerEntityManagerFactoryBean : Closing JPA EntityManagerFactory for persistence unit 'default'
2025-07-11T20:35:31.860-06:00  INFO 93920 --- [Bootstrap Spring Cloud] [SpringApplicationShutdownHook] j.LocalContainerEntityManagerFactoryBean : Closing JPA EntityManagerFactory for persistence unit 'default'
2025-07-11T20:35:31.861-06:00  INFO 93920 --- [Bootstrap Spring Cloud] [SpringApplicationShutdownHook] com.zaxxer.hikari.HikariDataSource       : HikariPool-2 - Shutdown initiated...
2025-07-11T20:35:31.861-06:00  INFO 93920 --- [Bootstrap Spring Cloud] [SpringApplicationShutdownHook] com.zaxxer.hikari.HikariDataSource       : HikariPool-2 - Shutdown completed.
2025-07-11T20:35:31.862-06:00  INFO 93920 --- [Bootstrap Spring Cloud] [SpringApplicationShutdownHook] j.LocalContainerEntityManagerFactoryBean : Closing JPA EntityManagerFactory for persistence unit 'default'
2025-07-11T20:35:31.863-06:00  INFO 93920 --- [Bootstrap Spring Cloud] [SpringApplicationShutdownHook] com.zaxxer.hikari.HikariDataSource       : HikariPool-3 - Shutdown initiated...
2025-07-11T20:35:31.863-06:00  INFO 93920 --- [Bootstrap Spring Cloud] [SpringApplicationShutdownHook] com.zaxxer.hikari.HikariDataSource       : HikariPool-3 - Shutdown completed.
2025-07-11T20:35:31.864-06:00  INFO 93920 --- [Bootstrap Spring Cloud] [SpringApplicationShutdownHook] j.LocalContainerEntityManagerFactoryBean : Closing JPA EntityManagerFactory for persistence unit 'default'
2025-07-11T20:35:31.864-06:00  INFO 93920 --- [Bootstrap Spring Cloud] [SpringApplicationShutdownHook] com.zaxxer.hikari.HikariDataSource       : HikariPool-4 - Shutdown initiated...
2025-07-11T20:35:31.864-06:00  INFO 93920 --- [Bootstrap Spring Cloud] [SpringApplicationShutdownHook] com.zaxxer.hikari.HikariDataSource       : HikariPool-4 - Shutdown completed.
2025-07-11T20:35:31.866-06:00  INFO 93920 --- [Bootstrap Spring Cloud] [SpringApplicationShutdownHook] j.LocalContainerEntityManagerFactoryBean : Closing JPA EntityManagerFactory for persistence unit 'default'
2025-07-11T20:35:31.866-06:00  INFO 93920 --- [Bootstrap Spring Cloud] [SpringApplicationShutdownHook] com.zaxxer.hikari.HikariDataSource       : HikariPool-5 - Shutdown initiated...
2025-07-11T20:35:31.866-06:00  INFO 93920 --- [Bootstrap Spring Cloud] [SpringApplicationShutdownHook] com.zaxxer.hikari.HikariDataSource       : HikariPool-5 - Shutdown completed.
2025-07-11T20:35:31.867-06:00  INFO 93920 --- [Bootstrap Spring Cloud] [SpringApplicationShutdownHook] o.s.b.w.e.tomcat.GracefulShutdown        : Commencing graceful shutdown. Waiting for active requests to complete
2025-07-11T20:35:33.872-06:00  INFO 93920 --- [Bootstrap Spring Cloud] [tomcat-shutdown] o.s.b.w.e.tomcat.GracefulShutdown        : Graceful shutdown complete
2025-07-11T20:35:33.874-06:00  INFO 93920 --- [Bootstrap Spring Cloud] [SpringApplicationShutdownHook] j.LocalContainerEntityManagerFactoryBean : Closing JPA EntityManagerFactory for persistence unit 'default'
2025-07-11T20:35:33.875-06:00  INFO 93920 --- [Bootstrap Spring Cloud] [SpringApplicationShutdownHook] com.zaxxer.hikari.HikariDataSource       : HikariPool-6 - Shutdown initiated...
2025-07-11T20:35:33.875-06:00  INFO 93920 --- [Bootstrap Spring Cloud] [SpringApplicationShutdownHook] com.zaxxer.hikari.HikariDataSource       : HikariPool-6 - Shutdown completed.
